corner,corner_x,corner_y
0,0.24255916476249695,0.4956389367580414
1,0.25320741534233093,0.4424615204334259
2,0.335416316986084,0.49867647886276245
3,0.335416316986084,0.43967974185943604
