corner,corner_x,corner_y
0,0.7137709259986877,0.605996310710907
1,0.7435081005096436,0.5729316473007202
2,0.7651178240776062,0.6254081726074219
3,0.7939243316650391,0.5928852558135986
