corner,corner_x,corner_y
0,0.806746780872345,0.6075697541236877
1,0.7358493804931641,0.6062787771224976
2,0.8080166578292847,0.5666325688362122
3,0.7382605671882629,0.561030387878418
