corner,corner_x,corner_y
0,0.042285215109586716,0.12318851053714752
1,0.04039427638053894,0.06895634531974792
2,0.12210600078105927,0.12461963295936584
3,0.1215071901679039,0.072051502764225
