corner,corner_x,corner_y
0,0.5654488205909729,0.4260542392730713
1,0.6128798127174377,0.38199886679649353
2,0.6335164308547974,0.4594714939594269
3,0.6833531260490417,0.410665363073349
