corner,corner_x,corner_y
0,0.7387933731079102,0.3359402120113373
1,0.6522000432014465,0.3415663242340088
2,0.7387741804122925,0.27632543444633484
3,0.6508764028549194,0.2758937180042267
