corner,corner_x,corner_y
0,0.3048500120639801,0.694008469581604
1,0.3694724142551422,0.6934945583343506
2,0.30004310607910156,0.7403996586799622
3,0.3706369400024414,0.7438446283340454
