corner,corner_x,corner_y
0,0.9681535959243774,0.12470228970050812
1,0.916411280632019,0.12434923648834229
2,0.9681535959243774,0.08838947862386703
3,0.9151448607444763,0.08897050470113754
