corner,corner_x,corner_y
0,0.8763460516929626,0.1629496067762375
1,0.7819613814353943,0.15909071266651154
2,0.8769264817237854,0.10985800623893738
3,0.7953418493270874,0.10589190572500229
