corner,corner_x,corner_y
0,0.8384783267974854,0.1501099318265915
1,0.9334480166435242,0.14606060087680817
2,0.8279732465744019,0.21540917456150055
3,0.9324495792388916,0.2158542275428772
