corner,corner_x,corner_y
0,0.6541627049446106,0.06544014811515808
1,0.5902069211006165,0.062211934477090836
2,0.6543321013450623,0.023373164236545563
3,0.589547872543335,0.019036756828427315
