corner,corner_x,corner_y
0,0.20049312710762024,0.7423034906387329
1,0.2064366191625595,0.6634200215339661
2,0.31182223558425903,0.7478129863739014
3,0.31198617815971375,0.6648204922676086
