corner,corner_x,corner_y
0,0.01290388498455286,0.9069216251373291
1,0.10223843902349472,0.9048557877540588
2,0.010216029360890388,0.9679036736488342
3,0.10979350656270981,0.9661071300506592
