corner,corner_x,corner_y
0,0.04109077528119087,0.2137780636548996
1,0.04094791039824486,0.18304091691970825
2,0.08803074806928635,0.2102087140083313
3,0.08786987513303757,0.17919066548347473
