corner,corner_x,corner_y
0,0.10795799642801285,0.046515900641679764
1,0.10831374675035477,0.014358511194586754
2,0.15773530304431915,0.04423420503735542
3,0.15773530304431915,0.014432636089622974
