corner,corner_x,corner_y
0,0.9869339466094971,0.40970751643180847
1,0.9291475415229797,0.40696215629577637
2,0.9871075749397278,0.36966779828071594
3,0.9274089932441711,0.37057286500930786
