corner,corner_x,corner_y
0,0.800204336643219,0.32364556193351746
1,0.8416759371757507,0.34872686862945557
2,0.7588483095169067,0.3563880920410156
3,0.8069650530815125,0.38022109866142273
