corner,corner_x,corner_y
0,0.07669070363044739,0.10064224898815155
1,0.08260428160429001,0.052423179149627686
2,0.16167128086090088,0.10988657921552658
3,0.1617451012134552,0.05048255994915962
