corner,corner_x,corner_y
0,0.27367207407951355,0.8502024412155151
1,0.3640894293785095,0.8497937321662903
2,0.27014702558517456,0.9096104502677917
3,0.363908052444458,0.908388078212738
