corner,corner_x,corner_y
0,0.7701947093009949,0.07403131574392319
1,0.7070434093475342,0.11271820217370987
2,0.7132216095924377,0.029215456917881966
3,0.6423056721687317,0.06768966466188431
