corner,corner_x,corner_y
0,0.7010735273361206,0.37943410873413086
1,0.6724859476089478,0.3442559540271759
2,0.7513830661773682,0.3621128499507904
3,0.7229429483413696,0.3284149169921875
