corner,corner_x,corner_y
0,0.2283822000026703,0.817584753036499
1,0.2618826925754547,0.8539470434188843
2,0.1791246235370636,0.8424032926559448
3,0.21466165781021118,0.8767151236534119
