corner,corner_x,corner_y
0,0.4063953757286072,0.20912382006645203
1,0.4526498019695282,0.20937690138816833
2,0.40601441264152527,0.2410011738538742
3,0.4534030854701996,0.2413981407880783
