corner,corner_x,corner_y
0,0.3797505795955658,0.4635624289512634
1,0.41246485710144043,0.49031680822372437
2,0.33280691504478455,0.4879801571369171
3,0.3693028688430786,0.5159854292869568
