corner,corner_x,corner_y
0,0.15094131231307983,0.3366207182407379
1,0.09313260018825531,0.3729672133922577
2,0.09164514392614365,0.2953706383705139
3,0.033515553921461105,0.3328900635242462
