corner,corner_x,corner_y
0,0.20952297747135162,0.6496447324752808
1,0.21181979775428772,0.6894994974136353
2,0.1514347940683365,0.6453664302825928
3,0.1526036411523819,0.687160074710846
