corner,corner_x,corner_y
0,0.6855796575546265,0.12916065752506256
1,0.6886428594589233,0.06917405873537064
2,0.7651188373565674,0.128779798746109
3,0.764130175113678,0.06817606091499329
