corner,corner_x,corner_y
0,0.9597778916358948,0.6544014811515808
1,0.8945748209953308,0.6559237837791443
2,0.9598053693771362,0.6094440817832947
3,0.8971429467201233,0.6123525500297546
