corner,corner_x,corner_y
0,0.890922486782074,0.4954899847507477
1,0.8320210576057434,0.521845281124115
2,0.8620272278785706,0.4607568681240082
3,0.8026241064071655,0.4845598340034485
