corner,corner_x,corner_y
0,0.3137718439102173,0.7849915623664856
1,0.26485347747802734,0.8313412070274353
2,0.24668189883232117,0.7548669576644897
3,0.19894281029701233,0.7992355227470398
