corner,corner_x,corner_y
0,0.03219287842512131,0.3914613723754883
1,0.05609556660056114,0.3731512725353241
2,0.06182578578591347,0.40760093927383423
3,0.0813475251197815,0.38797125220298767
