corner,corner_x,corner_y
0,0.2193981111049652,0.5123504996299744
1,0.24370455741882324,0.5398446321487427
2,0.17876121401786804,0.5317411422729492
3,0.20266665518283844,0.5555609464645386
