corner,corner_x,corner_y
0,0.09504954516887665,0.8384612202644348
1,0.08900796622037888,0.7901652455329895
2,0.16950902342796326,0.8419198393821716
3,0.1633787453174591,0.7876212000846863
