corner,corner_x,corner_y
0,0.5101521611213684,0.48110780119895935
1,0.4599727988243103,0.46355724334716797
2,0.5320269465446472,0.4481421113014221
3,0.4894189238548279,0.43194302916526794
