corner,corner_x,corner_y
0,0.07313218712806702,0.6907334923744202
1,0.16247223317623138,0.6926870942115784
2,0.06072235852479935,0.7580625414848328
3,0.16664265096187592,0.7566526532173157
