corner,corner_x,corner_y
0,0.4015843868255615,0.8437654972076416
1,0.4425104558467865,0.8445873856544495
2,0.39895546436309814,0.8754168152809143
3,0.4434385597705841,0.874330997467041
