corner,corner_x,corner_y
0,0.19853699207305908,0.8920758962631226
1,0.1950087696313858,0.8481320142745972
2,0.25880298018455505,0.8846282958984375
3,0.2586019039154053,0.8464236855506897
