corner,corner_x,corner_y
0,0.49713629484176636,0.6142364740371704
1,0.43892714381217957,0.6620819568634033
2,0.42387744784355164,0.5703303813934326
3,0.3602146804332733,0.6232452988624573
