corner,corner_x,corner_y
0,0.16731274127960205,0.587032675743103
1,0.174977645277977,0.5368168950080872
2,0.24583272635936737,0.591275155544281
3,0.24539834260940552,0.544345498085022
