corner,corner_x,corner_y
0,0.897988498210907,0.7971295118331909
1,0.8993943929672241,0.7646160125732422
2,0.953787624835968,0.7993889451026917
3,0.953787624835968,0.7620633840560913
