corner,corner_x,corner_y
0,0.21621879935264587,0.9719168543815613
1,0.21367627382278442,0.9169000387191772
2,0.30043870210647583,0.9685056805610657
3,0.300179123878479,0.9138970375061035
