corner,corner_x,corner_y
0,0.499195396900177,0.3359776437282562
1,0.49997013807296753,0.28879159688949585
2,0.5746253728866577,0.33793777227401733
3,0.5746253728866577,0.2904411852359772
