corner,corner_x,corner_y
0,0.6887754201889038,0.2358977049589157
1,0.6068233251571655,0.24097339808940887
2,0.6881144046783447,0.17176231741905212
3,0.5955837965011597,0.18438111245632172
