corner,corner_x,corner_y
0,0.7596530914306641,0.7829673290252686
1,0.8026866316795349,0.7618893980979919
2,0.7923451662063599,0.8095875382423401
3,0.8308252692222595,0.7909451127052307
