corner,corner_x,corner_y
0,0.34610652923583984,0.971203088760376
1,0.3213106095790863,0.9947134256362915
2,0.3150498867034912,0.955328643321991
3,0.285459965467453,0.9758246541023254
