corner,corner_x,corner_y
0,0.6208875179290771,0.20689623057842255
1,0.6226294040679932,0.2503332793712616
2,0.5479565262794495,0.20473866164684296
3,0.5491015315055847,0.25197815895080566
