corner,corner_x,corner_y
0,0.9523540735244751,0.19894494116306305
1,0.8614334464073181,0.20282188057899475
2,0.9525836110115051,0.136643186211586
3,0.8574156761169434,0.14121508598327637
