corner,corner_x,corner_y
0,0.4374534487724304,0.914837658405304
1,0.5087528824806213,0.9126415848731995
2,0.4397611916065216,0.9604222774505615
3,0.5125147700309753,0.9610833525657654
