corner,corner_x,corner_y
0,0.17549024522304535,0.2503115236759186
1,0.17429344356060028,0.27717840671539307
2,0.13185876607894897,0.25158655643463135
3,0.12957528233528137,0.27724483609199524
