corner,corner_x,corner_y
0,0.553223192691803,0.7429382801055908
1,0.47819849848747253,0.7431330680847168
2,0.55384361743927,0.6916159987449646
3,0.4751664400100708,0.6894064545631409
