corner,corner_x,corner_y
0,0.8476514220237732,0.827430009841919
1,0.8874017000198364,0.8067037463188171
2,0.8842893838882446,0.8563603758811951
3,0.9245449900627136,0.8361602425575256
