corner,corner_x,corner_y
0,0.11076150834560394,0.35939207673072815
1,0.19368493556976318,0.3555920422077179
2,0.11096537858247757,0.40437620878219604
3,0.19341729581356049,0.4087960422039032
