corner,corner_x,corner_y
0,0.28461411595344543,0.8407270908355713
1,0.3522912859916687,0.8811115622520447
2,0.2240026742219925,0.8884643316268921
3,0.2929553687572479,0.928493857383728
