corner,corner_x,corner_y
0,0.31972578167915344,0.6813310384750366
1,0.2158176749944687,0.6905167698860168
2,0.3207976520061493,0.6191079616546631
3,0.2126326709985733,0.6182122230529785
