corner,corner_x,corner_y
0,0.18182837963104248,0.6941711902618408
1,0.1403997391462326,0.6929018497467041
2,0.1819569170475006,0.669830858707428
3,0.14432871341705322,0.668586015701294
