corner,corner_x,corner_y
0,0.4592914879322052,0.8806750178337097
1,0.5106557011604309,0.8599849939346313
2,0.4930732548236847,0.9177237749099731
3,0.5392311215400696,0.8973268866539001
