corner,corner_x,corner_y
0,0.8004785776138306,0.5677445530891418
1,0.847550630569458,0.5691412091255188
2,0.8019494414329529,0.5961897373199463
3,0.8459793329238892,0.5966882705688477
