corner,corner_x,corner_y
0,0.659936249256134,0.8182628154754639
1,0.6573676466941833,0.762833297252655
2,0.7397595047950745,0.8185080885887146
3,0.7386978268623352,0.7641409635543823
