corner,corner_x,corner_y
0,0.6378780603408813,0.7416740655899048
1,0.62990802526474,0.6904776096343994
2,0.7101017236709595,0.7406908273696899
3,0.7099749445915222,0.6907901763916016
