corner,corner_x,corner_y
0,0.503142774105072,0.12614722549915314
1,0.4680531322956085,0.10680247843265533
2,0.5297073125839233,0.10260027647018433
3,0.49408337473869324,0.08360254019498825
