corner,corner_x,corner_y
0,0.13147562742233276,0.4930248260498047
1,0.07837265729904175,0.4977423846721649
2,0.13174472749233246,0.4579567313194275
3,0.07676272094249725,0.45796963572502136
