corner,corner_x,corner_y
0,0.3986939787864685,0.058563217520713806
1,0.48543038964271545,0.05942000821232796
2,0.3989897072315216,0.11672557890415192
3,0.4834410846233368,0.11604442447423935
