corner,corner_x,corner_y
0,0.9567633271217346,0.23404869437217712
1,0.9585651755332947,0.2890112102031708
2,0.8809462785720825,0.2425612360239029
3,0.8825231790542603,0.29509612917900085
