corner,corner_x,corner_y
0,0.838569164276123,0.2797479033470154
1,0.8397752642631531,0.3279096186161041
2,0.7687210440635681,0.278945654630661
3,0.7712091207504272,0.32398849725723267
