corner,corner_x,corner_y
0,0.4353845417499542,0.3502630591392517
1,0.5097220540046692,0.35033369064331055
2,0.43888241052627563,0.3995230495929718
3,0.509709358215332,0.3956202268600464
