corner,corner_x,corner_y
0,0.22941364347934723,0.8327534198760986
1,0.27825728058815,0.8306868076324463
2,0.23102690279483795,0.8609235882759094
3,0.2781035900115967,0.8612604737281799
