corner,corner_x,corner_y
0,0.057924073189496994,0.9294397234916687
1,0.06649021804332733,0.8907745480537415
2,0.11865025013685226,0.9319692254066467
3,0.1181483045220375,0.8925099968910217
