corner,corner_x,corner_y
0,0.1767808049917221,0.7774569392204285
1,0.23465293645858765,0.7240110039710999
2,0.2540707290172577,0.8146921992301941
3,0.30838072299957275,0.7695885896682739
