corner,corner_x,corner_y
0,0.5822837352752686,0.4689195454120636
1,0.6015734672546387,0.4446851909160614
2,0.6181057095527649,0.48115068674087524
3,0.6383357644081116,0.4579543471336365
