corner,corner_x,corner_y
0,0.8305094242095947,0.20647652447223663
1,0.8803070783615112,0.20623451471328735
2,0.8296892642974854,0.24035581946372986
3,0.8782498240470886,0.24019984900951385
