corner,corner_x,corner_y
0,0.9096903204917908,0.09746287018060684
1,0.8639193177223206,0.09721075743436813
2,0.9090522527694702,0.06792550534009933
3,0.8667756915092468,0.0677119567990303
