corner,corner_x,corner_y
0,0.9389459490776062,0.4465457499027252
1,0.8852213621139526,0.44633063673973083
2,0.9389459490776062,0.409832626581192
3,0.8823264241218567,0.4137304127216339
