corner,corner_x,corner_y
0,0.28155311942100525,0.33197131752967834
1,0.1867603063583374,0.33075374364852905
2,0.28184929490089417,0.2709836959838867
3,0.20309382677078247,0.2721063494682312
