corner,corner_x,corner_y
0,0.6664413809776306,0.3414002060890198
1,0.6386966109275818,0.3052436113357544
2,0.7238298058509827,0.3215072751045227
3,0.6968163847923279,0.2817520499229431
