corner,corner_x,corner_y
0,0.6644924879074097,0.8328663110733032
1,0.708869993686676,0.8328214287757874
2,0.6618812680244446,0.8644841313362122
3,0.7081402540206909,0.8641670346260071
