corner,corner_x,corner_y
0,0.15146024525165558,0.24584050476551056
1,0.15442287921905518,0.19543659687042236
2,0.23919695615768433,0.24759487807750702
3,0.23889999091625214,0.1939629167318344
