corner,corner_x,corner_y
0,0.47164830565452576,0.6576954126358032
1,0.42739999294281006,0.6575950980186462
2,0.469966322183609,0.6224316954612732
3,0.4213462173938751,0.6273160576820374
