corner,corner_x,corner_y
0,0.8426883220672607,0.2956279218196869
1,0.8428398966789246,0.3607269823551178
2,0.7344603538513184,0.29472240805625916
3,0.7374041080474854,0.36431530117988586
