corner,corner_x,corner_y
0,0.49811768531799316,0.6634636521339417
1,0.5047532320022583,0.6002306342124939
2,0.5908012390136719,0.6620513200759888
3,0.5909616351127625,0.5982361435890198
