corner,corner_x,corner_y
0,0.7714231014251709,0.6084955334663391
1,0.8226853013038635,0.5780847072601318
2,0.8156929612159729,0.6428651213645935
3,0.8680431246757507,0.6116163730621338
