corner,corner_x,corner_y
0,0.423475980758667,0.4665977954864502
1,0.4231150448322296,0.40300795435905457
2,0.5200986266136169,0.47007042169570923
3,0.5196011066436768,0.40143582224845886
