corner,corner_x,corner_y
0,0.2704157531261444,0.4461093842983246
1,0.18808221817016602,0.44610795378685
2,0.2704157531261444,0.38867413997650146
3,0.18396127223968506,0.38711804151535034
