corner,corner_x,corner_y
0,0.03899625316262245,0.6914475560188293
1,0.04093359410762787,0.6517218351364136
2,0.1002609133720398,0.6903780102729797
3,0.10021313279867172,0.6519680619239807
