corner,corner_x,corner_y
0,0.6202995777130127,0.6683531999588013
1,0.7095862030982971,0.6710366010665894
2,0.6212536096572876,0.7258198857307434
3,0.7091971039772034,0.7297922968864441
