corner,corner_x,corner_y
0,0.6516352295875549,0.19248156249523163
1,0.6505203247070312,0.2756887376308441
2,0.5359838604927063,0.20077922940254211
3,0.5232387781143188,0.2792632281780243
