corner,corner_x,corner_y
0,0.5856359004974365,0.5756450295448303
1,0.4836922287940979,0.5733052492141724
2,0.5856358408927917,0.5110986828804016
3,0.48433226346969604,0.5095406770706177
