corner,corner_x,corner_y
0,0.412028968334198,0.67192542552948
1,0.34424835443496704,0.6657224893569946
2,0.4123792052268982,0.627237856388092
3,0.3508543372154236,0.6259346604347229
