corner,corner_x,corner_y
0,0.3057238459587097,0.3213939368724823
1,0.30358999967575073,0.2913241386413574
2,0.35056182742118835,0.3197507858276367
3,0.35056182742118835,0.28901323676109314
