corner,corner_x,corner_y
0,0.8364157676696777,0.21090584993362427
1,0.836513876914978,0.24484220147132874
2,0.7814995646476746,0.21059782803058624
3,0.7864006757736206,0.2428269237279892
