corner,corner_x,corner_y
0,0.4713084399700165,0.46235939860343933
1,0.4743097424507141,0.4387202858924866
2,0.5097203254699707,0.4629800319671631
3,0.5097689628601074,0.43974941968917847
