corner,corner_x,corner_y
0,0.808896541595459,0.49811092019081116
1,0.7753900289535522,0.49635374546051025
2,0.8094170689582825,0.47589507699012756
3,0.7755403518676758,0.4763350784778595
