corner,corner_x,corner_y
0,0.3934140205383301,0.1425277292728424
1,0.397087424993515,0.09836294502019882
2,0.4716101884841919,0.14574284851551056
3,0.47163814306259155,0.10176434367895126
