corner,corner_x,corner_y
0,0.6705643534660339,0.8909698128700256
1,0.7180913090705872,0.8899536728858948
2,0.6698436141014099,0.923808217048645
3,0.7172955274581909,0.926576554775238
