corner,corner_x,corner_y
0,0.014222415164113045,0.031919993460178375
1,0.07506535202264786,0.02942253090441227
2,0.012296869419515133,0.07140231132507324
3,0.07448632270097733,0.07336624711751938
