corner,corner_x,corner_y
0,0.7273083329200745,0.37671157717704773
1,0.8046045303344727,0.37463822960853577
2,0.7319325804710388,0.42741623520851135
3,0.8038570880889893,0.42366883158683777
