corner,corner_x,corner_y
0,0.38884738087654114,0.575106680393219
1,0.3784137964248657,0.5426893830299377
2,0.4313437044620514,0.5712272524833679
3,0.42984867095947266,0.539699375629425
