corner,corner_x,corner_y
0,0.39529383182525635,0.2542012333869934
1,0.4583994448184967,0.2744067311286926
2,0.36734917759895325,0.2941262125968933
3,0.41992852091789246,0.313286691904068
