corner,corner_x,corner_y
0,0.6033980250358582,0.6159780621528625
1,0.6921737790107727,0.6144933700561523
2,0.6052212119102478,0.6741726994514465
3,0.694374680519104,0.6754476428031921
