corner,corner_x,corner_y
0,0.731368362903595,0.13668423891067505
1,0.7327361106872559,0.07466074824333191
2,0.8276162147521973,0.13541986048221588
3,0.8269906044006348,0.07951729744672775
