corner,corner_x,corner_y
0,0.8603972792625427,0.9316102266311646
1,0.8128117918968201,0.9623748064041138
2,0.825578510761261,0.898897111415863
3,0.7674925923347473,0.9254525899887085
