corner,corner_x,corner_y
0,0.10972949862480164,0.7796775102615356
1,0.054242752492427826,0.784049391746521
2,0.10999013483524323,0.693178117275238
3,0.053617339581251144,0.6818315982818604
