corner,corner_x,corner_y
0,0.8421382904052734,0.3324340581893921
1,0.8406872153282166,0.38647064566612244
2,0.8142755627632141,0.3342324197292328
3,0.8146605491638184,0.38429978489875793
