corner,corner_x,corner_y
0,0.39236879348754883,0.5306195020675659
1,0.4039759635925293,0.5642270445823669
2,0.371555358171463,0.5443653464317322
3,0.38201600313186646,0.5824098587036133
