corner,corner_x,corner_y
0,0.3305894434452057,0.8149392008781433
1,0.330342173576355,0.7189124226570129
2,0.3858090043067932,0.8134360313415527
3,0.3858090043067932,0.7165278196334839
