corner,corner_x,corner_y
0,0.5201501846313477,0.7855109572410583
1,0.5256284475326538,0.6959705352783203
2,0.5689813494682312,0.7859612107276917
3,0.5680233240127563,0.7041736841201782
