corner,corner_x,corner_y
0,0.7994263172149658,0.5924016833305359
1,0.7368367910385132,0.5888910889625549
2,0.7994263172149658,0.47711047530174255
3,0.7406774163246155,0.4848439395427704
