corner,corner_x,corner_y
0,0.474902868270874,0.779263436794281
1,0.4580351710319519,0.8081535696983337
2,0.45658668875694275,0.7483341097831726
3,0.44027048349380493,0.7788936495780945
