corner,corner_x,corner_y
0,0.5052275657653809,0.5471770763397217
1,0.5560771822929382,0.5429706573486328
2,0.5035788416862488,0.6366168856620789
3,0.5558651089668274,0.634282648563385
