corner,corner_x,corner_y
0,0.29981979727745056,0.9948174953460693
1,0.2988365590572357,0.9434884190559387
2,0.3259424567222595,0.9902162551879883
3,0.32588285207748413,0.9413759112358093
