corner,corner_x,corner_y
0,0.7336565256118774,0.7487421035766602
1,0.7615293860435486,0.7509125471115112
2,0.7336013913154602,0.796759307384491
3,0.7602742314338684,0.8006287813186646
