corner,corner_x,corner_y
0,0.461248517036438,0.8784462809562683
1,0.5027529001235962,0.8766050338745117
2,0.461450457572937,0.9451670050621033
3,0.5040538311004639,0.950864851474762
