corner,corner_x,corner_y
0,0.7745351195335388,0.20762524008750916
1,0.7319644093513489,0.2063812017440796
2,0.7745509147644043,0.1284073144197464
3,0.72895747423172,0.13250337541103363
