corner,corner_x,corner_y
0,0.5386637449264526,0.9807708859443665
1,0.5111619234085083,0.9793264865875244
2,0.5386240482330322,0.9254115223884583
3,0.5103594064712524,0.9300005435943604
