corner,corner_x,corner_y
0,0.5084385275840759,0.7814092636108398
1,0.5049251317977905,0.7165643572807312
2,0.5442946553230286,0.7743659019470215
3,0.5440124869346619,0.7048266530036926
