corner,corner_x,corner_y
0,0.197397843003273,0.36138448119163513
1,0.19528283178806305,0.30878615379333496
2,0.22761395573616028,0.361987441778183
3,0.22761395573616028,0.3120327889919281
