corner,corner_x,corner_y
0,0.11482798308134079,0.9721358418464661
1,0.049282826483249664,0.9860584735870361
2,0.11471015959978104,0.8504738807678223
3,0.04578586667776108,0.8500839471817017
