corner,corner_x,corner_y
0,0.8799949884414673,0.5447782278060913
1,0.8819617629051208,0.6338836550712585
2,0.8379676342010498,0.549585223197937
3,0.8343523740768433,0.6315031051635742
