corner,corner_x,corner_y
0,0.5678209662437439,0.5544079542160034
1,0.5140522122383118,0.5550031065940857
2,0.567990243434906,0.46143999695777893
3,0.5107660889625549,0.4576639235019684
