corner,corner_x,corner_y
0,0.8941618204116821,0.9999080896377563
1,0.8689864873886108,0.956887423992157
2,0.9184200763702393,0.9519346356391907
3,0.8961490988731384,0.906177818775177
