corner,corner_x,corner_y
0,0.276652455329895,0.3083077669143677
1,0.22383029758930206,0.29946795105934143
2,0.27692949771881104,0.21917003393173218
3,0.22601105272769928,0.20541875064373016
