corner,corner_x,corner_y
0,0.5134051442146301,0.5471997261047363
1,0.5131951570510864,0.4968944191932678
2,0.5439382195472717,0.5520747900009155
3,0.5439382195472717,0.49753034114837646
