corner,corner_x,corner_y
0,0.6477782726287842,0.6626924276351929
1,0.6232776641845703,0.6625345349311829
2,0.6477883458137512,0.6169132590293884
3,0.6230351328849792,0.6172360181808472
