corner,corner_x,corner_y
0,0.2002282440662384,0.29542264342308044
1,0.17106449604034424,0.25992852449417114
2,0.22094570100307465,0.2472667247056961
3,0.19145268201828003,0.20835378766059875
