corner,corner_x,corner_y
0,0.9020357728004456,0.11344902217388153
1,0.9216833710670471,0.07290448993444443
2,0.9255859851837158,0.1469777524471283
3,0.9441274404525757,0.10499715059995651
