corner,corner_x,corner_y
0,0.48536285758018494,0.5537387132644653
1,0.501201331615448,0.5900405645370483
2,0.4634590744972229,0.588779866695404
3,0.4811564087867737,0.6262298822402954
