corner,corner_x,corner_y
0,0.6831232309341431,0.23367132246494293
1,0.6471229195594788,0.22863395512104034
2,0.6831232309341431,0.16967381536960602
3,0.6480563282966614,0.17281591892242432
