corner,corner_x,corner_y
0,0.7538483142852783,0.13198521733283997
1,0.7546409368515015,0.23154416680335999
2,0.6955287456512451,0.13929732143878937
3,0.6947972178459167,0.23983965814113617
