corner,corner_x,corner_y
0,0.030317561700940132,0.46618974208831787
1,0.05412919446825981,0.4622367322444916
2,0.03242430090904236,0.5052095651626587
3,0.05408865213394165,0.5035227537155151
