corner,corner_x,corner_y
0,0.10510720312595367,0.3298012316226959
1,0.14316876232624054,0.2960389256477356
2,0.12612983584403992,0.39759060740470886
3,0.16213156282901764,0.3587309718132019
