corner,corner_x,corner_y
0,0.9802201390266418,0.9002295136451721
1,0.9195606112480164,0.8996139764785767
2,0.9806336760520935,0.8005897402763367
3,0.9215813279151917,0.7832937836647034
