corner,corner_x,corner_y
0,0.6549517512321472,0.21975915133953094
1,0.6317704916000366,0.16446028649806976
2,0.6876631379127502,0.1727486550807953
3,0.6637492179870605,0.1236967220902443
