corner,corner_x,corner_y
0,0.07999598979949951,0.5206411480903625
1,0.08005227148532867,0.5820657014846802
2,0.04410634934902191,0.5194610953330994
3,0.04552647843956947,0.5827339291572571
