corner,corner_x,corner_y
0,0.6493863463401794,0.13386578857898712
1,0.6255898475646973,0.13300825655460358
2,0.6494218111038208,0.09041645377874374
3,0.6264108419418335,0.08762364834547043
