corner,corner_x,corner_y
0,0.6227482557296753,0.7130630612373352
1,0.6966567039489746,0.7009698748588562
2,0.6283902525901794,0.8264294862747192
3,0.6961283087730408,0.8265895843505859
