corner,corner_x,corner_y
0,0.8324263095855713,0.9627001881599426
1,0.829754650592804,0.9174689054489136
2,0.8554490208625793,0.9618467092514038
3,0.855410635471344,0.9165586829185486
