corner,corner_x,corner_y
0,0.14418764412403107,0.5695921778678894
1,0.1831735521554947,0.5699137449264526
2,0.13999193906784058,0.640400230884552
3,0.18307951092720032,0.6346427798271179
