corner,corner_x,corner_y
0,0.941969096660614,0.8988556265830994
1,0.9006968140602112,0.8391548991203308
2,0.9784883260726929,0.8241032361984253
3,0.9380362629890442,0.7593808770179749
