corner,corner_x,corner_y
0,0.28848138451576233,0.8675723075866699
1,0.24610896408557892,0.8638365864753723
2,0.28728705644607544,0.7944707870483398
3,0.24428075551986694,0.7895439863204956
