corner,corner_x,corner_y
0,0.06029326468706131,0.7511715888977051
1,0.06051552668213844,0.7022117972373962
2,0.08941914886236191,0.7506142258644104
3,0.08941558003425598,0.7028151154518127
