corner,corner_x,corner_y
0,0.7210687398910522,0.20837491750717163
1,0.6744295358657837,0.16821874678134918
2,0.742843508720398,0.11827350407838821
3,0.6924281716346741,0.07976632565259933
