corner,corner_x,corner_y
0,0.6150364279747009,0.8009440898895264
1,0.5992400050163269,0.8343495726585388
2,0.5941228270530701,0.7711516618728638
3,0.5786880254745483,0.8051058053970337
