corner,corner_x,corner_y
0,0.5544021725654602,0.45596468448638916
1,0.5157470107078552,0.45834919810295105
2,0.5544021725654602,0.3764135241508484
3,0.5134545564651489,0.38009077310562134
