corner,corner_x,corner_y
0,0.10259983688592911,0.9762176871299744
1,0.10791748762130737,0.8744136095046997
2,0.16104364395141602,0.9852726459503174
3,0.16104364395141602,0.8851549029350281
