corner,corner_x,corner_y
0,0.7843496799468994,0.5352165102958679
1,0.7487273812294006,0.5354411005973816
2,0.7844635844230652,0.47253572940826416
3,0.7529096603393555,0.4734153747558594
