corner,corner_x,corner_y
0,0.307346910238266,0.7016002535820007
1,0.30789798498153687,0.7930528521537781
2,0.2559652626514435,0.6986140608787537
3,0.26096418499946594,0.7927039861679077
