corner,corner_x,corner_y
0,0.6738272905349731,0.7305460572242737
1,0.645584762096405,0.7315428256988525
2,0.6738272905349731,0.679845929145813
3,0.6457445025444031,0.682329535484314
