corner,corner_x,corner_y
0,0.8820945024490356,0.7942066192626953
1,0.8467768430709839,0.7902591228485107
2,0.8822305202484131,0.7310634255409241
3,0.8478864431381226,0.7338096499443054
