corner,corner_x,corner_y
0,0.875531017780304,0.8734047412872314
1,0.8757781982421875,0.9258359670639038
2,0.8478635549545288,0.8765192031860352
3,0.8478796482086182,0.9256400465965271
