corner,corner_x,corner_y
0,0.543838381767273,0.15978741645812988
1,0.5928479433059692,0.16931051015853882
2,0.5434134006500244,0.24401655793190002
3,0.5924306511878967,0.25516948103904724
