corner,corner_x,corner_y
0,0.8433190584182739,0.38787582516670227
1,0.7970608472824097,0.39089128375053406
2,0.8434848785400391,0.3029387891292572
3,0.7936466932296753,0.30276235938072205
