corner,corner_x,corner_y
0,0.40786537528038025,0.7494176626205444
1,0.41089943051338196,0.6660153865814209
2,0.4557013511657715,0.7431056499481201
3,0.4556123614311218,0.6673346757888794
