corner,corner_x,corner_y
0,0.7696694731712341,0.6078186631202698
1,0.7733606696128845,0.5378581881523132
2,0.80730801820755,0.6061785817146301
3,0.80730801820755,0.5427052974700928
