corner,corner_x,corner_y
0,0.7695387005805969,0.22527948021888733
1,0.7703714966773987,0.12111090123653412
2,0.8340272903442383,0.22450464963912964
3,0.829734742641449,0.11761383712291718
