corner,corner_x,corner_y
0,0.5865644812583923,0.29164180159568787
1,0.5628151297569275,0.3498121201992035
2,0.5568878054618835,0.24127744138240814
3,0.5308523178100586,0.30392152070999146
