corner,corner_x,corner_y
0,0.3978677988052368,0.07350149750709534
1,0.4128638803958893,0.10910836607217789
2,0.3772534728050232,0.10471314191818237
3,0.3918701708316803,0.13806761801242828
