corner,corner_x,corner_y
0,0.7059038877487183,0.3285128176212311
1,0.7308720350265503,0.37340089678764343
2,0.683231770992279,0.3750971853733063
3,0.7090383768081665,0.4156230390071869
