corner,corner_x,corner_y
0,0.35525014996528625,0.8457203507423401
1,0.3220890760421753,0.8468577861785889
2,0.35541874170303345,0.7850477695465088
3,0.3201030492782593,0.7922407984733582
