corner,corner_x,corner_y
0,0.6816139817237854,0.3208198547363281
1,0.6821143627166748,0.43911266326904297
2,0.6214785575866699,0.33086031675338745
3,0.6168893575668335,0.4357921779155731
