corner,corner_x,corner_y
0,0.22127892076969147,0.10292290151119232
1,0.21870936453342438,0.0334056131541729
2,0.26247692108154297,0.11069317162036896
3,0.26247692108154297,0.031212208792567253
