corner,corner_x,corner_y
0,0.7614590525627136,0.6202069520950317
1,0.7626590728759766,0.5745570063591003
2,0.7840064167976379,0.6192147731781006
3,0.7840414047241211,0.5770683884620667
