corner,corner_x,corner_y
0,0.8610304594039917,0.35150694847106934
1,0.860336422920227,0.45424211025238037
2,0.8048903346061707,0.351644366979599
3,0.7946497797966003,0.4581574499607086
