corner,corner_x,corner_y
0,0.8327933549880981,0.8156341910362244
1,0.8362045884132385,0.7200928330421448
2,0.8874778747558594,0.8145239353179932
3,0.8902188539505005,0.7137641310691833
