corner,corner_x,corner_y
0,0.04561827704310417,0.5526744723320007
1,0.007142344024032354,0.5017014145851135
2,0.0770145133137703,0.4785228669643402
3,0.03708544373512268,0.419011652469635
