corner,corner_x,corner_y
0,0.3933813273906708,0.14239127933979034
1,0.43800097703933716,0.14729733765125275
2,0.3939758539199829,0.21654699742794037
3,0.43767476081848145,0.22564122080802917
