corner,corner_x,corner_y
0,0.35041508078575134,0.16175317764282227
1,0.2921271324157715,0.1719931960105896
2,0.3506404459476471,0.054468151181936264
3,0.2925999164581299,0.060576897114515305
