corner,corner_x,corner_y
0,0.45927271246910095,0.7259012460708618
1,0.4975127577781677,0.6868795156478882
2,0.4805962145328522,0.7901883125305176
3,0.522084653377533,0.7537006139755249
