corner,corner_x,corner_y
0,0.2235569804906845,0.613787055015564
1,0.21559354662895203,0.5356627106666565
2,0.26693007349967957,0.6094910502433777
3,0.26681530475616455,0.5252829790115356
