corner,corner_x,corner_y
0,0.8639041185379028,0.33813491463661194
1,0.8882716298103333,0.3776421546936035
2,0.842322587966919,0.3857555389404297
3,0.8670620918273926,0.4196644723415375
