corner,corner_x,corner_y
0,0.14833728969097137,0.5764320492744446
1,0.14714224636554718,0.5087929964065552
2,0.18807777762413025,0.5777886509895325
3,0.18807777762413025,0.5044680237770081
