corner,corner_x,corner_y
0,0.6787053942680359,0.6355446577072144
1,0.7086610198020935,0.5717261433601379
2,0.7149128913879395,0.6806847453117371
3,0.7419544458389282,0.6190500259399414
