corner,corner_x,corner_y
0,0.9988964796066284,0.15886086225509644
1,0.9771731495857239,0.1592365801334381
2,0.998881459236145,0.11615953594446182
3,0.9749457240104675,0.11987106502056122
