corner,corner_x,corner_y
0,0.6748218536376953,0.5561406016349792
1,0.6317604184150696,0.6031081080436707
2,0.648866593837738,0.48854684829711914
3,0.6037835478782654,0.5325409770011902
