corner,corner_x,corner_y
0,0.07650644332170486,0.6965816617012024
1,0.07831434160470963,0.6147273778915405
2,0.12246255576610565,0.6934641599655151
3,0.12374519556760788,0.6163113713264465
