corner,corner_x,corner_y
0,0.2679228186607361,0.03749015927314758
1,0.26849237084388733,0.10935313999652863
2,0.2293403595685959,0.037337712943553925
3,0.22908441722393036,0.10878879576921463
