corner,corner_x,corner_y
0,0.09132255613803864,0.4776274859905243
1,0.09538298845291138,0.4299296736717224
2,0.12080147117376328,0.4771581292152405
3,0.12083087861537933,0.4327196776866913
