corner,corner_x,corner_y
0,0.47202837467193604,0.7609447836875916
1,0.5122768878936768,0.8006667494773865
2,0.44752007722854614,0.8257015347480774
3,0.4884611666202545,0.8747029304504395
