corner,corner_x,corner_y
0,0.9249448180198669,0.9498250484466553
1,0.9071200489997864,0.8834322690963745
2,0.9650360345840454,0.9169664978981018
3,0.9438101649284363,0.8545204997062683
