corner,corner_x,corner_y
0,0.8418731093406677,0.6602418422698975
1,0.8894698619842529,0.6626865267753601
2,0.8412210941314697,0.748450756072998
3,0.889423131942749,0.7480896711349487
