corner,corner_x,corner_y
0,0.2219560146331787,0.7549563050270081
1,0.2232431322336197,0.663074791431427
2,0.27520817518234253,0.7590577602386475
3,0.27520444989204407,0.6575989723205566
