corner,corner_x,corner_y
0,0.8479758501052856,0.31132203340530396
1,0.8479830622673035,0.1829608529806137
2,0.9220827221870422,0.3027759790420532
3,0.9213374257087708,0.19190682470798492
