corner,corner_x,corner_y
0,0.8636592030525208,0.44291141629219055
1,0.8615661263465881,0.3439050316810608
2,0.9190338850021362,0.44899845123291016
3,0.917529284954071,0.3331354260444641
