corner,corner_x,corner_y
0,0.10729430615901947,0.7159555554389954
1,0.11022937297821045,0.6010282039642334
2,0.17200934886932373,0.7176846861839294
3,0.17139771580696106,0.6001381278038025
