corner,corner_x,corner_y
0,0.4303130805492401,0.7413082718849182
1,0.4301757216453552,0.6809014081954956
2,0.4660458266735077,0.7377083897590637
3,0.46598920226097107,0.6737167835235596
