corner,corner_x,corner_y
0,0.654777467250824,0.8048462271690369
1,0.5984166860580444,0.8007196187973022
2,0.654777467250824,0.7015518546104431
3,0.5979248285293579,0.7013841271400452
