corner,corner_x,corner_y
0,0.7877424955368042,0.9395951628684998
1,0.786095380783081,0.8695555925369263
2,0.8235673308372498,0.941432535648346
3,0.8235003352165222,0.8764503598213196
