corner,corner_x,corner_y
0,0.5669534802436829,0.8042710423469543
1,0.5283346176147461,0.8498671054840088
2,0.5446881055831909,0.7406061887741089
3,0.5045711994171143,0.7813159823417664
