corner,corner_x,corner_y
0,0.5797024965286255,0.2434759885072708
1,0.5524261593818665,0.27585408091545105
2,0.5607936978340149,0.19311025738716125
3,0.5335620641708374,0.22776521742343903
