corner,corner_x,corner_y
0,0.39202791452407837,0.845517098903656
1,0.39224696159362793,0.9110665321350098
2,0.35716477036476135,0.8440355062484741
3,0.35596418380737305,0.9057151675224304
