corner,corner_x,corner_y
0,0.5060274600982666,0.6914851665496826
1,0.50079345703125,0.7607735395431519
2,0.4653589129447937,0.6821079254150391
3,0.4657694399356842,0.7504902482032776
