corner,corner_x,corner_y
0,0.6499471068382263,0.8637117743492126
1,0.6487941741943359,0.7941005229949951
2,0.6908279061317444,0.8687471747398376
3,0.6907630562782288,0.7963589429855347
