corner,corner_x,corner_y
0,0.7467466592788696,0.38389748334884644
1,0.7474887371063232,0.4206697940826416
2,0.7273984551429749,0.3876185119152069
3,0.7273168563842773,0.42415228486061096
