corner,corner_x,corner_y
0,0.6100771427154541,0.5532821416854858
1,0.5926426649093628,0.5289089679718018
2,0.622411847114563,0.5238499641418457
3,0.6049652099609375,0.49538809061050415
