corner,corner_x,corner_y
0,0.0765470415353775,0.5741477608680725
1,0.10153961926698685,0.5744744539260864
2,0.07315808534622192,0.6243937015533447
3,0.10199117660522461,0.6231802701950073
