corner,corner_x,corner_y
0,0.37763726711273193,0.0960996001958847
1,0.3747197985649109,0.20974966883659363
2,0.30788320302963257,0.09827720373868942
3,0.303047776222229,0.21280604600906372
