corner,corner_x,corner_y
0,0.07861828058958054,0.8204684853553772
1,0.04950141906738281,0.8262254595756531
2,0.0785529613494873,0.7726806998252869
3,0.048030368983745575,0.7786964774131775
