corner,corner_x,corner_y
0,0.6593579053878784,0.2848780155181885
1,0.6239437460899353,0.28813523054122925
2,0.6580701470375061,0.2241562157869339
3,0.6257836818695068,0.22323638200759888
