corner,corner_x,corner_y
0,0.1154247522354126,0.31996917724609375
1,0.11007292568683624,0.40532204508781433
2,0.06792500615119934,0.31818413734436035
3,0.06809993833303452,0.3969976305961609
