corner,corner_x,corner_y
0,0.032115090638399124,0.19153644144535065
1,0.05883805826306343,0.19273555278778076
2,0.031858112663030624,0.23718000948429108
3,0.060267478227615356,0.23957735300064087
