corner,corner_x,corner_y
0,0.28706908226013184,0.892715334892273
1,0.23989655077457428,0.9440043568611145
2,0.25678372383117676,0.8026560544967651
3,0.2071460634469986,0.8576728701591492
