corner,corner_x,corner_y
0,0.3021215498447418,0.5846625566482544
1,0.3315065801143646,0.5865409970283508
2,0.3051978349685669,0.6345818042755127
3,0.3315065801143646,0.6321524977684021
