corner,corner_x,corner_y
0,0.6891692280769348,0.5522684454917908
1,0.6246628761291504,0.5504332184791565
2,0.6891692280769348,0.4511248469352722
3,0.6230734586715698,0.4554843008518219
