corner,corner_x,corner_y
0,0.45241475105285645,0.4705657958984375
1,0.4795122742652893,0.44783878326416016
2,0.4680994153022766,0.5102778673171997
3,0.4964945316314697,0.48951026797294617
