corner,corner_x,corner_y
0,0.2673394978046417,0.36751261353492737
1,0.27271556854248047,0.2515984773635864
2,0.352297842502594,0.3797251582145691
3,0.3520013988018036,0.24302981793880463
