corner,corner_x,corner_y
0,0.8586918115615845,0.20620311796665192
1,0.8848868608474731,0.17899669706821442
2,0.8746286630630493,0.24751491844654083
3,0.9017594456672668,0.2196856290102005
