corner,corner_x,corner_y
0,0.42892009019851685,0.9443763494491577
1,0.46465569734573364,0.9473311901092529
2,0.4303740859031677,0.9966306090354919
3,0.46462559700012207,0.9967803955078125
