corner,corner_x,corner_y
0,0.4693785607814789,0.3431781232357025
1,0.46449175477027893,0.40422680974006653
2,0.4241158366203308,0.3360960781574249
3,0.4255962073802948,0.40779197216033936
