corner,corner_x,corner_y
0,0.6506989598274231,0.5614680647850037
1,0.6051821112632751,0.5000933408737183
2,0.6880643963813782,0.48591893911361694
3,0.6401841044425964,0.4362819194793701
