corner,corner_x,corner_y
0,0.25364044308662415,0.189084991812706
1,0.21372194588184357,0.15776965022087097
2,0.2757315933704376,0.13625846803188324
3,0.2339886873960495,0.09605737030506134
