corner,corner_x,corner_y
0,0.7436890006065369,0.20473310351371765
1,0.685543954372406,0.25257816910743713
2,0.7130000591278076,0.11646071076393127
3,0.6487217545509338,0.17054539918899536
