corner,corner_x,corner_y
0,0.7132634520530701,0.3614515960216522
1,0.7269062995910645,0.3330446779727936
2,0.7310274243354797,0.38523536920547485
3,0.7455805540084839,0.35652437806129456
