corner,corner_x,corner_y
0,0.460298091173172,0.27357348799705505
1,0.4345618784427643,0.27447274327278137
2,0.460298091173172,0.2398349642753601
3,0.43570587038993835,0.23689989745616913
