corner,corner_x,corner_y
0,0.2011243999004364,0.6624428033828735
1,0.23954348266124725,0.6679518818855286
2,0.1993120014667511,0.720859169960022
3,0.24030424654483795,0.7249001264572144
