corner,corner_x,corner_y
0,0.7099277377128601,0.3655945360660553
1,0.716303825378418,0.4307185411453247
2,0.6685739755630493,0.3667270541191101
3,0.6681115627288818,0.4374711215496063
