corner,corner_x,corner_y
0,0.25201845169067383,0.6840194463729858
1,0.2151338756084442,0.6848479509353638
2,0.2523883879184723,0.636189341545105
3,0.2178913801908493,0.6335350275039673
