corner,corner_x,corner_y
0,0.7323840856552124,0.7779231071472168
1,0.6875650882720947,0.708625853061676
2,0.7716478109359741,0.7164134383201599
3,0.7334185838699341,0.6523051857948303
