corner,corner_x,corner_y
0,0.3319147825241089,0.3900231420993805
1,0.33225736021995544,0.4923643171787262
2,0.2655426561832428,0.4007900059223175
3,0.27083972096443176,0.4904814660549164
