corner,corner_x,corner_y
0,0.3752862811088562,0.09493950754404068
1,0.4449663460254669,0.09865563362836838
2,0.37702298164367676,0.19537599384784698
3,0.44039174914360046,0.20016083121299744
