corner,corner_x,corner_y
0,0.16793492436408997,0.581062376499176
1,0.16752898693084717,0.6611438989639282
2,0.1194491758942604,0.5833920240402222
3,0.12015543133020401,0.6552440524101257
