corner,corner_x,corner_y
0,0.2656744122505188,0.7379382848739624
1,0.2723391354084015,0.6457058787345886
2,0.3300333619117737,0.7414048910140991
3,0.3300333619117737,0.6442046165466309
