corner,corner_x,corner_y
0,0.07542009651660919,0.45102474093437195
1,0.07556391507387161,0.553210437297821
2,0.01052611693739891,0.45932725071907043
3,0.005279152188450098,0.5513685941696167
