corner,corner_x,corner_y
0,0.6123363971710205,0.2165047526359558
1,0.6596245169639587,0.2125307023525238
2,0.6089680790901184,0.28827255964279175
3,0.6589999794960022,0.2916668951511383
