corner,corner_x,corner_y
0,0.6647453308105469,0.15888993442058563
1,0.665075957775116,0.11789790540933609
2,0.6910716891288757,0.15466926991939545
3,0.6910194754600525,0.1187395453453064
