corner,corner_x,corner_y
0,0.41540223360061646,0.7147268652915955
1,0.45347341895103455,0.714736819267273
2,0.4179914891719818,0.7659265398979187
3,0.4530844986438751,0.7666274309158325
