corner,corner_x,corner_y
0,0.894252359867096,0.7914872169494629
1,0.859994649887085,0.8203409910202026
2,0.8755576610565186,0.7433517575263977
3,0.841801643371582,0.7723975777626038
