corner,corner_x,corner_y
0,0.6265865564346313,0.5276831984519958
1,0.6321799755096436,0.4232655465602875
2,0.698643147945404,0.5267593264579773
3,0.698718786239624,0.4288422763347626
