corner,corner_x,corner_y
0,0.026951374486088753,0.8698478937149048
1,0.07806168496608734,0.8106291890144348
2,0.059869684278964996,0.952323317527771
3,0.11353027075529099,0.8901932835578918
