corner,corner_x,corner_y
0,0.36101531982421875,0.5932670831680298
1,0.3583797812461853,0.6624270677566528
2,0.31857091188430786,0.5937509536743164
3,0.31958168745040894,0.6547549962997437
