corner,corner_x,corner_y
0,0.5022366046905518,0.22699423134326935
1,0.47331371903419495,0.2300855964422226
2,0.5022366046905518,0.18387408554553986
3,0.472308874130249,0.18353858590126038
