corner,corner_x,corner_y
0,0.6745803952217102,0.15481670200824738
1,0.6746601462364197,0.2282494604587555
2,0.6225493550300598,0.15942120552062988
3,0.6265973448753357,0.223830446600914
