corner,corner_x,corner_y
0,0.22741983830928802,0.36588141322135925
1,0.22588935494422913,0.4174109399318695
2,0.1972929835319519,0.372101753950119
3,0.19610096514225006,0.41882622241973877
