corner,corner_x,corner_y
0,0.3034208118915558,0.6795519590377808
1,0.2640746533870697,0.6855248212814331
2,0.303286612033844,0.6126163005828857
3,0.25845688581466675,0.6241012215614319
