corner,corner_x,corner_y
0,0.619598388671875,0.0028359952848404646
1,0.6456030011177063,0.03078518621623516
2,0.6019170880317688,0.0420587919652462
3,0.6259933710098267,0.0693955048918724
