corner,corner_x,corner_y
0,0.431037038564682,0.8756604790687561
1,0.4302964210510254,0.7732359170913696
2,0.49801793694496155,0.8749088048934937
3,0.4970542788505554,0.7839615345001221
