corner,corner_x,corner_y
0,0.28654786944389343,0.6312743425369263
1,0.2604263722896576,0.634371280670166
2,0.28654786944389343,0.5959707498550415
3,0.26076051592826843,0.5976854562759399
