corner,corner_x,corner_y
0,0.2105253040790558,0.5096606612205505
1,0.27020686864852905,0.5068161487579346
2,0.2169969528913498,0.5899602174758911
3,0.26917335391044617,0.5948818922042847
