corner,corner_x,corner_y
0,0.9276627898216248,0.9037802815437317
1,0.8646570444107056,0.9048852324485779
2,0.9276628494262695,0.8098638653755188
3,0.8616325259208679,0.8087264895439148
