corner,corner_x,corner_y
0,0.8188390731811523,0.303889662027359
1,0.7865380048751831,0.341360479593277
2,0.7931429743766785,0.25580793619155884
3,0.7620062828063965,0.2970825433731079
