corner,corner_x,corner_y
0,0.5586389303207397,0.48026907444000244
1,0.5583571791648865,0.39382827281951904
2,0.6184864640235901,0.4860541820526123
3,0.6184972524642944,0.3942112326622009
