corner,corner_x,corner_y
0,0.30686095356941223,0.5701621174812317
1,0.2718380093574524,0.5777726769447327
2,0.30673912167549133,0.5140714049339294
3,0.2695092260837555,0.5180734992027283
