corner,corner_x,corner_y
0,0.5575417280197144,0.15459853410720825
1,0.5577890276908875,0.26341837644577026
2,0.48912346363067627,0.15774568915367126
3,0.48790276050567627,0.2596622109413147
