corner,corner_x,corner_y
0,0.17166051268577576,0.04329730570316315
1,0.2179296314716339,0.10044816881418228
2,0.13481467962265015,0.10399123281240463
3,0.18379126489162445,0.1614619344472885
