corner,corner_x,corner_y
0,0.5538582801818848,0.852455198764801
1,0.5328826904296875,0.8552799224853516
2,0.5538420081138611,0.815575897693634
3,0.5297458171844482,0.8189837336540222
