corner,corner_x,corner_y
0,0.3470016419887543,0.4847455322742462
1,0.29326021671295166,0.478962779045105
2,0.3470016419887543,0.40718841552734375
3,0.2939446270465851,0.4025483727455139
