corner,corner_x,corner_y
0,0.25662729144096375,0.16792136430740356
1,0.23738083243370056,0.21289655566215515
2,0.22764210402965546,0.14193587005138397
3,0.2074379026889801,0.18246297538280487
