corner,corner_x,corner_y
0,0.9030554890632629,0.7079988121986389
1,0.859304666519165,0.7109152674674988
2,0.9031870365142822,0.6484732627868652
3,0.8605648875236511,0.6497045159339905
