corner,corner_x,corner_y
0,0.3911485970020294,0.03481341525912285
1,0.3916650116443634,0.10280606150627136
2,0.34566277265548706,0.04178619384765625
3,0.35045915842056274,0.10020133852958679
