corner,corner_x,corner_y
0,0.40492942929267883,0.7812551856040955
1,0.4592839479446411,0.7918325066566467
2,0.4049071669578552,0.854712963104248
3,0.45315515995025635,0.8703470826148987
