corner,corner_x,corner_y
0,0.4146862328052521,0.6390653848648071
1,0.41501370072364807,0.5952694416046143
2,0.4394662380218506,0.636349618434906
3,0.441720575094223,0.5956476330757141
