corner,corner_x,corner_y
0,0.07349372655153275,0.08582497388124466
1,0.07790520787239075,0.173824280500412
2,0.011543132364749908,0.08920036256313324
3,0.012589146383106709,0.18189790844917297
