corner,corner_x,corner_y
0,0.18050603568553925,0.5721204876899719
1,0.18212100863456726,0.5323744416236877
2,0.20819874107837677,0.5742983222007751
3,0.20818261802196503,0.532731294631958
