corner,corner_x,corner_y
0,0.5936599373817444,0.39204028248786926
1,0.6244093775749207,0.36224138736724854
2,0.6142550110816956,0.43514493107795715
3,0.6415082812309265,0.41223621368408203
