corner,corner_x,corner_y
0,0.42826202511787415,0.2847122550010681
1,0.38158074021339417,0.28468403220176697
2,0.42826202511787415,0.21505498886108398
3,0.38049909472465515,0.22237765789031982
