corner,corner_x,corner_y
0,0.7878177165985107,0.3209957182407379
1,0.7929085493087769,0.23728898167610168
2,0.8395812511444092,0.31530657410621643
3,0.8395081162452698,0.24415454268455505
