corner,corner_x,corner_y
0,0.45477205514907837,0.9495260715484619
1,0.4539850056171417,0.875108003616333
2,0.501643717288971,0.9502660632133484
3,0.501643717288971,0.8793893456459045
