corner,corner_x,corner_y
0,0.13746483623981476,0.17767904698848724
1,0.16684190928936005,0.09449822455644608
2,0.18594108521938324,0.21782028675079346
3,0.2185320258140564,0.150098979473114
