corner,corner_x,corner_y
0,0.6516634821891785,0.7432400584220886
1,0.5989064574241638,0.7505707740783691
2,0.6517660617828369,0.6731941103935242
3,0.6016191840171814,0.6761486530303955
