corner,corner_x,corner_y
0,0.8640086054801941,0.4412235915660858
1,0.8421708941459656,0.4367936849594116
2,0.8644311428070068,0.4071916341781616
3,0.8441749811172485,0.4030161499977112
