corner,corner_x,corner_y
0,0.4227431118488312,0.5069018006324768
1,0.4165128469467163,0.4030519127845764
2,0.4834507703781128,0.5025564432144165
3,0.4834507703781128,0.40765318274497986
