corner,corner_x,corner_y
0,0.3166479468345642,0.2401333898305893
1,0.26363229751586914,0.2985839545726776
2,0.28000393509864807,0.16221961379051208
3,0.21907003223896027,0.21514688432216644
