corner,corner_x,corner_y
0,0.18073731660842896,0.7596860527992249
1,0.14330273866653442,0.8484386205673218
2,0.12996472418308258,0.7083011865615845
3,0.09084035456180573,0.7897891402244568
