corner,corner_x,corner_y
0,0.7544565200805664,0.5827962160110474
1,0.7533698678016663,0.5245853066444397
2,0.7940093278884888,0.5869093537330627
3,0.7942742705345154,0.5224097967147827
