corner,corner_x,corner_y
0,0.7866681814193726,0.4453628659248352
1,0.7587575912475586,0.4520886540412903
2,0.7866451740264893,0.4009951949119568
3,0.7547898888587952,0.4058447480201721
