corner,corner_x,corner_y
0,0.19135865569114685,0.8836456537246704
1,0.2169468104839325,0.9497610926628113
2,0.154031902551651,0.9250030517578125
3,0.17781047523021698,0.9820229411125183
