corner,corner_x,corner_y
0,0.5574176907539368,0.5444619059562683
1,0.5596094131469727,0.599178671836853
2,0.5248368978500366,0.5441357493400574
3,0.5216701030731201,0.6001297235488892
