corner,corner_x,corner_y
0,0.5237787365913391,0.37509262561798096
1,0.5442345142364502,0.3538188338279724
2,0.5398920774459839,0.40132689476013184
3,0.5574395060539246,0.38212263584136963
