corner,corner_x,corner_y
0,0.6843324303627014,0.34020620584487915
1,0.7068665027618408,0.3744519054889679
2,0.6596516966819763,0.37821394205093384
3,0.6849588751792908,0.415818452835083
