corner,corner_x,corner_y
0,0.3651362955570221,0.7419149279594421
1,0.36327654123306274,0.6317687630653381
2,0.43221843242645264,0.7320157289505005
3,0.43135493993759155,0.6355580687522888
