corner,corner_x,corner_y
0,0.8392811417579651,0.1798875778913498
1,0.8376880884170532,0.12492246925830841
2,0.8762990832328796,0.17762033641338348
3,0.8762990832328796,0.12170945107936859
