corner,corner_x,corner_y
0,0.1178688108921051,0.5780413746833801
1,0.1182723119854927,0.6769515872001648
2,0.044532641768455505,0.5659827589988708
3,0.03987438231706619,0.6781620979309082
