corner,corner_x,corner_y
0,0.7863927483558655,0.8211134076118469
1,0.7310588955879211,0.8215120434761047
2,0.7863337993621826,0.7246485948562622
3,0.7204661965370178,0.7362020015716553
