corner,corner_x,corner_y
0,0.18347516655921936,0.27960672974586487
1,0.18018577992916107,0.20880606770515442
2,0.22629281878471375,0.26952454447746277
3,0.225802943110466,0.20636145770549774
