corner,corner_x,corner_y
0,0.7868549823760986,0.7629523277282715
1,0.7882813811302185,0.676239013671875
2,0.8525846600532532,0.7679003477096558
3,0.8525686860084534,0.6740761399269104
