corner,corner_x,corner_y
0,0.9230782389640808,0.10815902799367905
1,0.9233641028404236,0.035202428698539734
2,0.9784684777259827,0.1145046129822731
3,0.9784547686576843,0.03473358228802681
