corner,corner_x,corner_y
0,0.09744805097579956,0.5161871910095215
1,0.09927288442850113,0.6316779255867004
2,0.02659728191792965,0.5272766947746277
3,0.025444813072681427,0.6275781393051147
