corner,corner_x,corner_y
0,0.6890708804130554,0.707497775554657
1,0.6875327825546265,0.810982346534729
2,0.6270712018013,0.7075845003128052
3,0.6286715865135193,0.8075533509254456
