corner,corner_x,corner_y
0,0.21957963705062866,0.7065443396568298
1,0.22021953761577606,0.7815907001495361
2,0.17350001633167267,0.7075023055076599
3,0.16977271437644958,0.7792690992355347
