corner,corner_x,corner_y
0,0.5666140913963318,0.44429826736450195
1,0.5700931549072266,0.49701592326164246
2,0.533957302570343,0.44819605350494385
3,0.5365517139434814,0.4941721558570862
