corner,corner_x,corner_y
0,0.4083032011985779,0.010048293508589268
1,0.45630019903182983,0.008987696841359138
2,0.4092767834663391,0.08174688369035721
3,0.4559784531593323,0.07874573022127151
