corner,corner_x,corner_y
0,0.05937745422124863,0.5763824582099915
1,0.12397821992635727,0.5668712258338928
2,0.06180550158023834,0.6665154099464417
3,0.1322794109582901,0.6725700497627258
