corner,corner_x,corner_y
0,0.39390793442726135,0.6697717308998108
1,0.36054301261901855,0.6741719841957092
2,0.3937889635562897,0.6229629516601562
3,0.36007097363471985,0.6260449290275574
