corner,corner_x,corner_y
0,0.27592381834983826,0.46603506803512573
1,0.23355665802955627,0.4665461778640747
2,0.2760460376739502,0.4024431109428406
3,0.23110806941986084,0.4026075303554535
