corner,corner_x,corner_y
0,0.21544800698757172,0.6879129409790039
1,0.21549707651138306,0.7744520902633667
2,0.14994454383850098,0.6862671971321106
3,0.152523472905159,0.7846589088439941
