corner,corner_x,corner_y
0,0.021421927958726883,0.32294610142707825
1,0.023381445556879044,0.243461012840271
2,0.07635536789894104,0.3212878704071045
3,0.07567650079727173,0.24581214785575867
