corner,corner_x,corner_y
0,0.7758463621139526,0.033188335597515106
1,0.7758463621139526,0.08525329828262329
2,0.7379171848297119,0.025822652503848076
3,0.7379110455513,0.08466729521751404
