corner,corner_x,corner_y
0,0.8800205588340759,0.7824528217315674
1,0.9364202618598938,0.7773910164833069
2,0.8809239864349365,0.8544585108757019
3,0.9330544471740723,0.8599773645401001
