corner,corner_x,corner_y
0,0.9645249843597412,0.14500367641448975
1,0.9653038382530212,0.2402288317680359
2,0.9025316834449768,0.15110079944133759
3,0.9084421992301941,0.23943063616752625
