corner,corner_x,corner_y
0,0.051257699728012085,0.2065933495759964
1,0.08960804343223572,0.28712984919548035
2,0.006088991649448872,0.24857011437416077
3,0.034896839410066605,0.3364739716053009
