corner,corner_x,corner_y
0,0.7468031644821167,0.4287668466567993
1,0.7511035203933716,0.3114243149757385
2,0.8338249325752258,0.42780032753944397
3,0.8337363004684448,0.3004964590072632
