corner,corner_x,corner_y
0,0.2874382734298706,0.7169312834739685
1,0.31692957878112793,0.7127845883369446
2,0.2867797911167145,0.7608051896095276
3,0.31974950432777405,0.7633138298988342
