corner,corner_x,corner_y
0,0.7187060713768005,0.8207442760467529
1,0.6986469626426697,0.7593739628791809
2,0.7580645084381104,0.7870889902114868
3,0.7357447147369385,0.7225430011749268
