corner,corner_x,corner_y
0,0.7850537300109863,0.5934070348739624
1,0.7911964058876038,0.49350619316101074
2,0.8515637516975403,0.5837208032608032
3,0.8515637516975403,0.49053651094436646
