corner,corner_x,corner_y
0,0.7821009159088135,0.625129222869873
1,0.8229542374610901,0.6822634935379028
2,0.7442268133163452,0.698474109172821
3,0.7883108854293823,0.7544559836387634
