corner,corner_x,corner_y
0,0.10115722566843033,0.21430708467960358
1,0.04726588353514671,0.2103920429944992
2,0.10118521004915237,0.13446004688739777
3,0.05102091655135155,0.13617508113384247
