corner,corner_x,corner_y
0,0.8958954215049744,0.8674737215042114
1,0.9045487642288208,0.7711762189865112
2,0.9632259607315063,0.866489589214325
3,0.9634766578674316,0.7734227180480957
