corner,corner_x,corner_y
0,0.34884944558143616,0.26320505142211914
1,0.35087552666664124,0.3259482681751251
2,0.3066019117832184,0.2577367424964905
3,0.3047947585582733,0.32782721519470215
