corner,corner_x,corner_y
0,0.9001063108444214,0.5773272514343262
1,0.8579838275909424,0.5799914598464966
2,0.9003538489341736,0.5138271450996399
3,0.8573288321495056,0.5112915635108948
