corner,corner_x,corner_y
0,0.4552571475505829,0.36061158776283264
1,0.4554807245731354,0.28589344024658203
2,0.5001389384269714,0.35625895857810974
3,0.5020030736923218,0.28541406989097595
