corner,corner_x,corner_y
0,0.7725966572761536,0.5652617812156677
1,0.8145091533660889,0.5629373788833618
2,0.7720898389816284,0.6254855990409851
3,0.81405109167099,0.6299842000007629
