corner,corner_x,corner_y
0,0.900149405002594,0.7782833576202393
1,0.8657355308532715,0.784548282623291
2,0.898332417011261,0.729235827922821
3,0.8661384582519531,0.7338187098503113
