corner,corner_x,corner_y
0,0.7342712879180908,0.22604024410247803
1,0.7075958847999573,0.22547701001167297
2,0.7342959046363831,0.18946309387683868
3,0.7100034952163696,0.1853300929069519
