corner,corner_x,corner_y
0,0.4706724286079407,0.7855406403541565
1,0.47143152356147766,0.8599005937576294
2,0.4137100577354431,0.7901914119720459
3,0.4135684370994568,0.8609039783477783
