corner,corner_x,corner_y
0,0.5802360773086548,0.017419520765542984
1,0.6379110813140869,0.06988618522882462
2,0.535018265247345,0.09724193811416626
3,0.598242998123169,0.14715871214866638
