corner,corner_x,corner_y
0,0.6940515637397766,0.8209472894668579
1,0.6308517456054688,0.820190966129303
2,0.6940450668334961,0.737493097782135
3,0.626198947429657,0.7376539707183838
