corner,corner_x,corner_y
0,0.5717486143112183,0.3744639754295349
1,0.5095365643501282,0.37012630701065063
2,0.5717486143112183,0.2907833158969879
3,0.5052370429039001,0.2934906482696533
