corner,corner_x,corner_y
0,0.6950446367263794,0.9393090009689331
1,0.6954601407051086,0.9919644594192505
2,0.657071053981781,0.9410120248794556
3,0.6539120078086853,0.9885146617889404
