corner,corner_x,corner_y
0,0.6867809891700745,0.5923352837562561
1,0.6907296180725098,0.5030176639556885
2,0.762687623500824,0.5919367074966431
3,0.7624877095222473,0.5086676478385925
