corner,corner_x,corner_y
0,0.48194047808647156,0.8111541271209717
1,0.515687108039856,0.7822784185409546
2,0.5057133436203003,0.8579672574996948
3,0.5387688279151917,0.8247238397598267
