corner,corner_x,corner_y
0,0.3410486876964569,0.37698057293891907
1,0.31862303614616394,0.3459155559539795
2,0.3691129982471466,0.3517706096172333
3,0.3468208909034729,0.3137076497077942
