corner,corner_x,corner_y
0,0.7653025984764099,0.935748815536499
1,0.6951459050178528,0.9326263070106506
2,0.7653025984764099,0.8486857414245605
3,0.6946738958358765,0.8498325943946838
