corner,corner_x,corner_y
0,0.7901358008384705,0.6666144132614136
1,0.7491249442100525,0.5811716914176941
2,0.8549834489822388,0.6141950488090515
3,0.8065263628959656,0.5300693511962891
