corner,corner_x,corner_y
0,0.5960907936096191,0.4337274730205536
1,0.5961491465568542,0.47723132371902466
2,0.5606058835983276,0.4334510862827301
3,0.5600541234016418,0.4768737554550171
