corner,corner_x,corner_y
0,0.7113820314407349,0.38991931080818176
1,0.64804607629776,0.3888702690601349
2,0.7116022706031799,0.3203413188457489
3,0.6528903245925903,0.3192993700504303
