corner,corner_x,corner_y
0,0.0742320641875267,0.1537642925977707
1,0.01891782134771347,0.12678559124469757
2,0.10252604633569717,0.08057837933301926
3,0.04179773107171059,0.047865331172943115
