corner,corner_x,corner_y
0,0.1932867020368576,0.2765704095363617
1,0.19856107234954834,0.19600355625152588
2,0.2527766227722168,0.2961403727531433
3,0.2671096920967102,0.2041117548942566
