corner,corner_x,corner_y
0,0.9641646146774292,0.7209246754646301
1,0.8874551057815552,0.7750861048698425
2,0.9186735153198242,0.6310515999794006
3,0.8501425981521606,0.6762877702713013
