corner,corner_x,corner_y
0,0.7668673396110535,0.11636529117822647
1,0.8192773461341858,0.03804830461740494
2,0.8325473070144653,0.1815778613090515
3,0.8841431736946106,0.09797466546297073
