corner,corner_x,corner_y
0,0.22646564245224,0.48652151226997375
1,0.1894410401582718,0.5519362092018127
2,0.1702735871076584,0.4252551794052124
3,0.1261901557445526,0.49612146615982056
