corner,corner_x,corner_y
0,0.9119624495506287,0.7884324789047241
1,0.9093264937400818,0.8445941209793091
2,0.8643907308578491,0.7920671701431274
3,0.8678757548332214,0.845169186592102
