corner,corner_x,corner_y
0,0.042580150067806244,0.27030324935913086
1,0.0036529209464788437,0.2713528573513031
2,0.04124075174331665,0.22473685443401337
3,0.0036220073234289885,0.22350598871707916
