corner,corner_x,corner_y
0,0.6025336384773254,0.2991144359111786
1,0.5982220768928528,0.2508653402328491
2,0.637925386428833,0.29771891236305237
3,0.6398999094963074,0.24518385529518127
