corner,corner_x,corner_y
0,0.26322463154792786,0.17306369543075562
1,0.266544371843338,0.2931313216686249
2,0.17278991639614105,0.1776282638311386
3,0.17265456914901733,0.28839537501335144
