corner,corner_x,corner_y
0,0.961635410785675,0.9294111728668213
1,0.9631268382072449,0.9790641069412231
2,0.9251049757003784,0.9380007982254028
3,0.9272165894508362,0.9794342517852783
