corner,corner_x,corner_y
0,0.757430374622345,0.22719019651412964
1,0.706437885761261,0.23206990957260132
2,0.757430374622345,0.15926490724086761
3,0.708758533000946,0.16770689189434052
