corner,corner_x,corner_y
0,0.041296929121017456,0.7314128279685974
1,0.07418008148670197,0.6740598678588867
2,0.0878589004278183,0.7665797472000122
3,0.1164586991071701,0.7108549475669861
