corner,corner_x,corner_y
0,0.42666909098625183,0.6938631534576416
1,0.4960574507713318,0.623834490776062
2,0.4882277846336365,0.7720443606376648
3,0.5444536805152893,0.7061349153518677
