corner,corner_x,corner_y
0,0.6870794892311096,0.1234438493847847
1,0.6209931373596191,0.11234577745199203
2,0.6888284087181091,0.040384743362665176
3,0.6289840340614319,0.03341587260365486
