corner,corner_x,corner_y
0,0.30251139402389526,0.2257297933101654
1,0.2774335443973541,0.16922016441822052
2,0.3463177978992462,0.19333162903785706
3,0.3186023235321045,0.13405963778495789
