corner,corner_x,corner_y
0,0.7613900303840637,0.6783882975578308
1,0.7578403949737549,0.7673923373222351
2,0.6881242990493774,0.687465488910675
3,0.6870908141136169,0.7726791501045227
