corner,corner_x,corner_y
0,0.49302420020103455,0.6934820413589478
1,0.5170366168022156,0.7166569232940674
2,0.4767860472202301,0.7225316166877747
3,0.4992145597934723,0.745901882648468
