corner,corner_x,corner_y
0,0.08343750983476639,0.6769486665725708
1,0.04851113259792328,0.7303608655929565
2,0.04560608044266701,0.6404181718826294
3,0.00987908337265253,0.6868906617164612
