corner,corner_x,corner_y
0,0.86478590965271,0.058869969099760056
1,0.8650084733963013,0.09962645918130875
2,0.8347025513648987,0.06052909046411514
3,0.8322680592536926,0.10204558819532394
