corner,corner_x,corner_y
0,0.04782181978225708,0.024745646864175797
1,0.09750600904226303,0.027858147397637367
2,0.047349657863378525,0.08971382677555084
3,0.09699458628892899,0.08679020404815674
