corner,corner_x,corner_y
0,0.1726222187280655,0.4502115547657013
1,0.1718355119228363,0.3595856726169586
2,0.23939555883407593,0.4391833543777466
3,0.23933055996894836,0.35208985209465027
