corner,corner_x,corner_y
0,0.9151563048362732,0.4454081356525421
1,0.8887800574302673,0.49557045102119446
2,0.8818814158439636,0.41299664974212646
3,0.8518401384353638,0.46100565791130066
