corner,corner_x,corner_y
0,0.6217366456985474,0.878469705581665
1,0.5848826766014099,0.9455599784851074
2,0.5653624534606934,0.833430290222168
3,0.5325173139572144,0.9012821912765503
