corner,corner_x,corner_y
0,0.017290299758315086,0.2253407984972
1,0.05245218425989151,0.15337076783180237
2,0.076115183532238,0.2677847146987915
3,0.10969245433807373,0.1987888216972351
