corner,corner_x,corner_y
0,0.8029662370681763,0.7262336015701294
1,0.8026126623153687,0.628860592842102
2,0.8784001469612122,0.7264641523361206
3,0.8767380118370056,0.632232129573822
