corner,corner_x,corner_y
0,0.9210746884346008,0.8547118902206421
1,0.8963109850883484,0.8556230068206787
2,0.9210746884346008,0.8251185417175293
3,0.8962379693984985,0.8244956135749817
