corner,corner_x,corner_y
0,0.007791565731167793,0.3043997585773468
1,0.04838716983795166,0.3089246153831482
2,0.006332124583423138,0.35579749941825867
3,0.048078346997499466,0.3605133593082428
