corner,corner_x,corner_y
0,0.41468045115470886,0.1491415798664093
1,0.4134818911552429,0.23169009387493134
2,0.3462398052215576,0.1526491343975067
3,0.3479043245315552,0.2287551760673523
