corner,corner_x,corner_y
0,0.46214574575424194,0.8779147863388062
1,0.4224030673503876,0.8766924738883972
2,0.4623253345489502,0.8320847749710083
3,0.427988201379776,0.8275613784790039
