corner,corner_x,corner_y
0,0.5993970632553101,0.9426538348197937
1,0.5431833267211914,0.947090744972229
2,0.5994297862052917,0.8754802346229553
3,0.5426213145256042,0.8782216310501099
