corner,corner_x,corner_y
0,0.2817690074443817,0.7394688725471497
1,0.28138765692710876,0.6426759362220764
2,0.3515912890434265,0.742135763168335
3,0.3514588177204132,0.6489304900169373
