corner,corner_x,corner_y
0,0.765163779258728,0.25035712122917175
1,0.8457700610160828,0.24629466235637665
2,0.760325014591217,0.3475770652294159
3,0.8499910235404968,0.3557770550251007
