corner,corner_x,corner_y
0,0.8359686732292175,0.5149958729743958
1,0.832879364490509,0.5735602378845215
2,0.7819170355796814,0.5120561718940735
3,0.7870705723762512,0.5796306729316711
