corner,corner_x,corner_y
0,0.44112274050712585,0.1081068217754364
1,0.4705626368522644,0.05997476354241371
2,0.48007193207740784,0.1488730013370514
3,0.5047792792320251,0.10206391662359238
