corner,corner_x,corner_y
0,0.8241053819656372,0.7427017092704773
1,0.8757308125495911,0.7411162853240967
2,0.8268261551856995,0.8063680529594421
3,0.872243344783783,0.803158700466156
