corner,corner_x,corner_y
0,0.3018350601196289,0.31971845030784607
1,0.3002531826496124,0.24752414226531982
2,0.3544151782989502,0.3244484066963196
3,0.3535213768482208,0.25537726283073425
