corner,corner_x,corner_y
0,0.5908461213111877,0.5565026998519897
1,0.6249430775642395,0.49826323986053467
2,0.6316007971763611,0.5950342416763306
3,0.6628323793411255,0.5363887548446655
