corner,corner_x,corner_y
0,0.5275347232818604,0.7063273787498474
1,0.4965769648551941,0.7101382613182068
2,0.5274924635887146,0.6692906022071838
3,0.4954269826412201,0.6666143536567688
