corner,corner_x,corner_y
0,0.6877849102020264,0.7452062368392944
1,0.71323162317276,0.7849369645118713
2,0.6614723205566406,0.7733501195907593
3,0.6814363598823547,0.8101596832275391
