corner,corner_x,corner_y
0,0.7966687679290771,0.6330335736274719
1,0.795362114906311,0.5360845327377319
2,0.8703972697257996,0.639272153377533
3,0.8712515234947205,0.53736811876297
