corner,corner_x,corner_y
0,0.4581104516983032,0.7431910037994385
1,0.4611130356788635,0.6658159494400024
2,0.5231502056121826,0.7434167861938477
3,0.5229283571243286,0.6657347083091736
