corner,corner_x,corner_y
0,0.1453140825033188,0.27285704016685486
1,0.14305394887924194,0.22516633570194244
2,0.18560318648815155,0.2699528634548187
3,0.18559756875038147,0.21911723911762238
