corner,corner_x,corner_y
0,0.3007785677909851,0.7896937131881714
1,0.2959977388381958,0.8826925754547119
2,0.21856969594955444,0.7903714179992676
3,0.225736603140831,0.8871895670890808
