corner,corner_x,corner_y
0,0.8412303924560547,0.19229982793331146
1,0.8638818264007568,0.23583704233169556
2,0.8092358708381653,0.222499281167984
3,0.8333310484886169,0.26609715819358826
