corner,corner_x,corner_y
0,0.2941049337387085,0.4997253715991974
1,0.29526934027671814,0.4449332058429718
2,0.33703577518463135,0.4985218942165375
3,0.33703577518463135,0.4488671123981476
