corner,corner_x,corner_y
0,0.18814502656459808,0.17130716145038605
1,0.18817836046218872,0.245670884847641
2,0.13113772869110107,0.17495210468769073
3,0.1309158205986023,0.24475893378257751
