corner,corner_x,corner_y
0,0.546314001083374,0.9701346755027771
1,0.5467642545700073,0.9305095076560974
2,0.5783452391624451,0.9714744687080383
3,0.5783452391624451,0.9273022413253784
