corner,corner_x,corner_y
0,0.5539087057113647,0.20251338183879852
1,0.6008155941963196,0.17082352936267853
2,0.5834566354751587,0.26828810572624207
3,0.6319302916526794,0.22710375487804413
