corner,corner_x,corner_y
0,0.6664485335350037,0.8905160427093506
1,0.7032118439674377,0.8907219767570496
2,0.6658123731613159,0.9353084564208984
3,0.7026917934417725,0.9376101493835449
