corner,corner_x,corner_y
0,0.2743203341960907,0.7289119958877563
1,0.24856510758399963,0.6781370639801025
2,0.31050682067871094,0.6924347281455994
3,0.2883901596069336,0.6436977386474609
