corner,corner_x,corner_y
0,0.7404347062110901,0.5379859805107117
1,0.7731410264968872,0.5353544354438782
2,0.7400550246238708,0.5795800685882568
3,0.7730762958526611,0.5781276822090149
