corner,corner_x,corner_y
0,0.4802621304988861,0.3574981093406677
1,0.43955472111701965,0.36179810762405396
2,0.4801565408706665,0.3050175607204437
3,0.44091716408729553,0.3084433376789093
