corner,corner_x,corner_y
0,0.4259863793849945,0.11708173900842667
1,0.4268905520439148,0.1812441200017929
2,0.372434139251709,0.11505050212144852
3,0.3745580315589905,0.18521249294281006
