corner,corner_x,corner_y
0,0.29112690687179565,0.3170205056667328
1,0.34022045135498047,0.3799753487110138
2,0.24656495451927185,0.3847225308418274
3,0.2970901429653168,0.4436315894126892
