corner,corner_x,corner_y
0,0.8064639568328857,0.604651153087616
1,0.8082378506660461,0.5206376910209656
2,0.8800019025802612,0.6069784760475159
3,0.8799415826797485,0.5202644467353821
