corner,corner_x,corner_y
0,0.8872581124305725,0.8319917321205139
1,0.892533540725708,0.7384457588195801
2,0.9591535925865173,0.8279918432235718
3,0.9588332176208496,0.7423094511032104
