corner,corner_x,corner_y
0,0.7046719789505005,0.8375756740570068
1,0.7536899447441101,0.8370711207389832
2,0.7073787450790405,0.8991638422012329
3,0.7528885006904602,0.8998610973358154
