corner,corner_x,corner_y
0,0.928810715675354,0.5128276944160461
1,0.9958680272102356,0.517814040184021
2,0.9324101805686951,0.6076727509498596
3,0.9998169541358948,0.6021362543106079
