corner,corner_x,corner_y
0,0.3094502091407776,0.43562978506088257
1,0.3594973087310791,0.4790761470794678
2,0.2747533917427063,0.493758887052536
3,0.3269276022911072,0.5380863547325134
