corner,corner_x,corner_y
0,0.8283638954162598,0.29648175835609436
1,0.8239768147468567,0.24721066653728485
2,0.8712655901908875,0.3007086217403412
3,0.8712655901908875,0.24205756187438965
