corner,corner_x,corner_y
0,0.0638962984085083,0.8398757576942444
1,0.0610763244330883,0.7412174344062805
2,0.13707181811332703,0.8419837355613708
3,0.13699357211589813,0.7422115206718445
