corner,corner_x,corner_y
0,0.5275794267654419,0.0614272877573967
1,0.5282351970672607,0.17280885577201843
2,0.44992104172706604,0.06616324186325073
3,0.44665244221687317,0.1686316877603531
