corner,corner_x,corner_y
0,0.8176680207252502,0.5696641802787781
1,0.8871347904205322,0.561415433883667
2,0.824731707572937,0.6452412009239197
3,0.8867191076278687,0.6475863456726074
