corner,corner_x,corner_y
0,0.4093436598777771,0.3383691608905792
1,0.40789997577667236,0.41256430745124817
2,0.34642645716667175,0.3455953598022461
3,0.3484635055065155,0.4158779978752136
