corner,corner_x,corner_y
0,0.28519728779792786,0.5484594702720642
1,0.20055750012397766,0.5437711477279663
2,0.2851927876472473,0.4326995015144348
3,0.2014698088169098,0.4484155476093292
