corner,corner_x,corner_y
0,0.31150615215301514,0.37241753935813904
1,0.35808396339416504,0.37418845295906067
2,0.314323365688324,0.4297655522823334
3,0.358093798160553,0.4292345643043518
