corner,corner_x,corner_y
0,0.32640552520751953,0.5433142185211182
1,0.3273884356021881,0.6378830671310425
2,0.2590760886669159,0.5536804795265198
3,0.26152747869491577,0.6359435319900513
