corner,corner_x,corner_y
0,0.5217016935348511,0.5534893274307251
1,0.45708605647087097,0.5507524013519287
2,0.5217542052268982,0.47344639897346497
3,0.4571250379085541,0.4635041058063507
