corner,corner_x,corner_y
0,0.6537636518478394,0.7800180912017822
1,0.6123813986778259,0.7770134210586548
2,0.6538774371147156,0.7304667830467224
3,0.6141062378883362,0.7308703660964966
