corner,corner_x,corner_y
0,0.17785152792930603,0.628696084022522
1,0.17020545899868011,0.5443782210350037
2,0.23468008637428284,0.62217777967453
3,0.23162071406841278,0.546637237071991
