corner,corner_x,corner_y
0,0.5419098138809204,0.819226861000061
1,0.47993162274360657,0.8771776556968689
2,0.49525585770606995,0.7350364327430725
3,0.4267980754375458,0.7987273931503296
