corner,corner_x,corner_y
0,0.5103383660316467,0.256502628326416
1,0.44311052560806274,0.25618404150009155
2,0.5110217332839966,0.18088002502918243
3,0.4468688666820526,0.17134477198123932
