corner,corner_x,corner_y
0,0.18749599158763885,0.4276632070541382
1,0.19018816947937012,0.34050801396369934
2,0.25827568769454956,0.4376235008239746
3,0.2563408315181732,0.3538917303085327
