corner,corner_x,corner_y
0,0.24338722229003906,0.2023545652627945
1,0.3118284046649933,0.19718457758426666
2,0.24305319786071777,0.28769758343696594
3,0.3117697834968567,0.2859894931316376
