corner,corner_x,corner_y
0,0.530850887298584,0.6697138547897339
1,0.558326244354248,0.699924886226654
2,0.5092251896858215,0.7080774903297424
3,0.5394232273101807,0.7362962365150452
