corner,corner_x,corner_y
0,0.7128856182098389,0.2783229649066925
1,0.7143788933753967,0.3355235457420349
2,0.6731167435646057,0.27917349338531494
3,0.6742606163024902,0.33091670274734497
