corner,corner_x,corner_y
0,0.4888625144958496,0.27762570977211
1,0.3986301124095917,0.2775261104106903
2,0.49217772483825684,0.15860742330551147
3,0.39390668272972107,0.1712224930524826
