corner,corner_x,corner_y
0,0.8652898669242859,0.28022992610931396
1,0.8645143508911133,0.20442746579647064
2,0.9315385222434998,0.2783490717411041
3,0.9314567446708679,0.20702137053012848
