corner,corner_x,corner_y
0,0.7990809679031372,0.5448051691055298
1,0.8426183462142944,0.547846794128418
2,0.8025729656219482,0.6004699468612671
3,0.8414202332496643,0.5997472405433655
