corner,corner_x,corner_y
0,0.3751809895038605,0.07838774472475052
1,0.438796728849411,0.07397779077291489
2,0.3805752396583557,0.1475677192211151
3,0.4380950927734375,0.15072409808635712
