corner,corner_x,corner_y
0,0.15638431906700134,0.5486248731613159
1,0.10970892012119293,0.5516104102134705
2,0.15632139146327972,0.49281033873558044
3,0.10629149526357651,0.4918915331363678
