corner,corner_x,corner_y
0,0.23251529037952423,0.2647845149040222
1,0.20452749729156494,0.19692644476890564
2,0.28558650612831116,0.22739194333553314
3,0.2586011588573456,0.16809393465518951
