corner,corner_x,corner_y
0,0.8817263841629028,0.699550449848175
1,0.790732741355896,0.7002080082893372
2,0.881129264831543,0.594978928565979
3,0.8021385669708252,0.5911185145378113
