corner,corner_x,corner_y
0,0.8522538542747498,0.3161221742630005
1,0.8496958017349243,0.2829906940460205
2,0.8794638514518738,0.31168633699417114
3,0.8793944716453552,0.27715563774108887
