corner,corner_x,corner_y
0,0.06954778730869293,0.38345521688461304
1,0.1199471652507782,0.37721019983291626
2,0.06943017989397049,0.44648537039756775
3,0.12304851412773132,0.44756045937538147
