corner,corner_x,corner_y
0,0.6278496384620667,0.10438057780265808
1,0.6964263319969177,0.10314810276031494
2,0.6316676735877991,0.18601250648498535
3,0.6956919431686401,0.1880062073469162
