corner,corner_x,corner_y
0,0.797517716884613,0.06230577081441879
1,0.7998679876327515,0.018565692007541656
2,0.8321964144706726,0.06171087548136711
3,0.8313111662864685,0.016458865255117416
