corner,corner_x,corner_y
0,0.2986331582069397,0.6137415766716003
1,0.2986921966075897,0.6942541003227234
2,0.2412448525428772,0.6149025559425354
3,0.2417781502008438,0.6989069581031799
