corner,corner_x,corner_y
0,0.8626973032951355,0.45795387029647827
1,0.8626922965049744,0.48879045248031616
2,0.8403680920600891,0.4566345512866974
3,0.8406499624252319,0.4903397262096405
