corner,corner_x,corner_y
0,0.26327961683273315,0.10382390022277832
1,0.3145534098148346,0.11036934703588486
2,0.2589218020439148,0.18286052346229553
3,0.313172310590744,0.1801959127187729
