corner,corner_x,corner_y
0,0.1297302544116974,0.7725419402122498
1,0.06157301366329193,0.7636407017707825
2,0.12983936071395874,0.6659918427467346
3,0.06118406727910042,0.6564376354217529
