corner,corner_x,corner_y
0,0.9888942241668701,0.8270878791809082
1,0.9347590208053589,0.8207730054855347
2,0.9888942241668701,0.7310500144958496
3,0.9305757284164429,0.7370613813400269
