corner,corner_x,corner_y
0,0.23464363813400269,0.1706920713186264
1,0.23464363813400269,0.21726839244365692
2,0.20014673471450806,0.1677260547876358
3,0.1998520791530609,0.21743693947792053
