corner,corner_x,corner_y
0,0.5758636593818665,0.8264384865760803
1,0.5396992564201355,0.8997719287872314
2,0.5317516326904297,0.7703083157539368
3,0.4918281137943268,0.8399888873100281
