corner,corner_x,corner_y
0,0.6891528367996216,0.7965521812438965
1,0.6291060447692871,0.7926226258277893
2,0.6891646981239319,0.7069680690765381
3,0.6277144551277161,0.706315279006958
