corner,corner_x,corner_y
0,0.018032316118478775,0.8277778625488281
1,0.07776103168725967,0.8213139772415161
2,0.019692398607730865,0.9114910364151001
3,0.07922804355621338,0.9228497743606567
