corner,corner_x,corner_y
0,0.41690289974212646,0.7596285343170166
1,0.41494008898735046,0.6755028963088989
2,0.47776880860328674,0.7698549032211304
3,0.47707104682922363,0.6757928729057312
