corner,corner_x,corner_y
0,0.07564990967512131,0.4825744032859802
1,0.07500750571489334,0.5219733119010925
2,0.05015978217124939,0.48464235663414
3,0.05012042075395584,0.5235098600387573
