corner,corner_x,corner_y
0,0.39001646637916565,0.8058069348335266
1,0.43894922733306885,0.8067572712898254
2,0.3935543894767761,0.8697472810745239
3,0.4385966658592224,0.8782013058662415
