corner,corner_x,corner_y
0,0.6871753334999084,0.896367073059082
1,0.6328174471855164,0.8446288704872131
2,0.7218215465545654,0.8048661947250366
3,0.6653628349304199,0.7647940516471863
