corner,corner_x,corner_y
0,0.4584823548793793,0.46067193150520325
1,0.43502676486968994,0.43528035283088684
2,0.4756816625595093,0.4273560047149658
3,0.4546867609024048,0.4012241065502167
