corner,corner_x,corner_y
0,0.11028974503278732,0.6747950911521912
1,0.11029297113418579,0.7082927823066711
2,0.08320882171392441,0.6726832985877991
3,0.0821559801697731,0.7069521546363831
