corner,corner_x,corner_y
0,0.7802798748016357,0.818061888217926
1,0.7529661059379578,0.8213159441947937
2,0.7802798748016357,0.7765019536018372
3,0.7523462772369385,0.77916020154953
