corner,corner_x,corner_y
0,0.7554001808166504,0.2767406702041626
1,0.7539609670639038,0.18673016130924225
2,0.8149904608726501,0.27293452620506287
3,0.8148172497749329,0.1853862702846527
