corner,corner_x,corner_y
0,0.49178943037986755,0.8100496530532837
1,0.4569585919380188,0.8456022143363953
2,0.4642632305622101,0.752698540687561
3,0.4295978546142578,0.7906811237335205
