corner,corner_x,corner_y
0,0.6796633005142212,0.9434565901756287
1,0.702337920665741,0.9211732149124146
2,0.6953741312026978,0.9828028082847595
3,0.7200567126274109,0.9603228569030762
