corner,corner_x,corner_y
0,0.9377659559249878,0.8297637701034546
1,0.8847967386245728,0.8283988237380981
2,0.9377659559249878,0.7420419454574585
3,0.8831623196601868,0.7442407011985779
