corner,corner_x,corner_y
0,0.7149404287338257,0.16076542437076569
1,0.6733087301254272,0.1324089765548706
2,0.7351790070533752,0.10389288514852524
3,0.6958912014961243,0.07801511883735657
