corner,corner_x,corner_y
0,0.33799898624420166,0.514959990978241
1,0.3560229241847992,0.5431302785873413
2,0.3196292519569397,0.5409756898880005
3,0.33644554018974304,0.5724548697471619
