corner,corner_x,corner_y
0,0.23274444043636322,0.20190641283988953
1,0.20389118790626526,0.1325523555278778
2,0.27294039726257324,0.15604247152805328
3,0.24387294054031372,0.0936671644449234
