corner,corner_x,corner_y
0,0.5438417792320251,0.7427812814712524
1,0.635662853717804,0.7359192967414856
2,0.541330099105835,0.882178783416748
3,0.631058394908905,0.8696691393852234
