corner,corner_x,corner_y
0,0.3478790819644928,0.4246880114078522
1,0.2994788885116577,0.3804348409175873
2,0.3808940351009369,0.3407645523548126
3,0.3280433118343353,0.3007224500179291
