corner,corner_x,corner_y
0,0.034150950610637665,0.8397913575172424
1,0.028346458449959755,0.7334352731704712
2,0.10211371630430222,0.8334058523178101
3,0.10177728533744812,0.7252172827720642
