corner,corner_x,corner_y
0,0.7308053374290466,0.34569841623306274
1,0.7814468145370483,0.34826382994651794
2,0.728062093257904,0.4181559681892395
3,0.7814468145370483,0.4257902503013611
