corner,corner_x,corner_y
0,0.36365261673927307,0.18522845208644867
1,0.35986030101776123,0.08739671111106873
2,0.4270550608634949,0.18309374153614044
3,0.4213424623012543,0.09005466848611832
