corner,corner_x,corner_y
0,0.9837719798088074,0.32988446950912476
1,0.9530547857284546,0.3258848786354065
2,0.9826545119285583,0.2833147346973419
3,0.954038143157959,0.27904799580574036
