corner,corner_x,corner_y
0,0.9103296995162964,0.6423651576042175
1,0.90326327085495,0.7769006490707397
2,0.819323718547821,0.6512355208396912
3,0.82138592004776,0.7729540467262268
