corner,corner_x,corner_y
0,0.8227962851524353,0.5738732218742371
1,0.7686269879341125,0.6189937591552734
2,0.7895854711532593,0.4916651248931885
3,0.7407338619232178,0.5391543507575989
