corner,corner_x,corner_y
0,0.29266735911369324,0.3922188878059387
1,0.2927389442920685,0.44258856773376465
2,0.25933539867401123,0.3933253586292267
3,0.2593345642089844,0.4436003863811493
