corner,corner_x,corner_y
0,0.6238781213760376,0.7135505080223083
1,0.6256551146507263,0.639703094959259
2,0.6750734448432922,0.7197855710983276
3,0.674877405166626,0.6404930353164673
