corner,corner_x,corner_y
0,0.31347790360450745,0.03121360018849373
1,0.33538681268692017,0.05734318122267723
2,0.29767322540283203,0.06036987528204918
3,0.3191818594932556,0.08720554411411285
