corner,corner_x,corner_y
0,0.08776795119047165,0.5136837363243103
1,0.04955087974667549,0.49144095182418823
2,0.1047721728682518,0.45593515038490295
3,0.06315623223781586,0.4290434718132019
