corner,corner_x,corner_y
0,0.9481633305549622,0.7303523421287537
1,0.9050816297531128,0.7238635420799255
2,0.9482583403587341,0.6615450978279114
3,0.9052746891975403,0.6536879539489746
