corner,corner_x,corner_y
0,0.8609501123428345,0.8865419626235962
1,0.84202641248703,0.862114667892456
2,0.8770447969436646,0.8599364161491394
3,0.8584812879562378,0.8331997394561768
