corner,corner_x,corner_y
0,0.7761016488075256,0.814798891544342
1,0.7769273519515991,0.9055806994438171
2,0.7172620892524719,0.8180660605430603
3,0.7158128619194031,0.9020928144454956
