corner,corner_x,corner_y
0,0.24553345143795013,0.8298746943473816
1,0.24623022973537445,0.8882628679275513
2,0.20337702333927155,0.8288467526435852
3,0.20188115537166595,0.8884366750717163
