corner,corner_x,corner_y
0,0.8704320788383484,0.3478963375091553
1,0.8361390829086304,0.3517346978187561
2,0.8708001375198364,0.30173882842063904
3,0.8399766683578491,0.30133652687072754
