corner,corner_x,corner_y
0,0.3387741446495056,0.42174333333969116
1,0.33745381236076355,0.34015244245529175
2,0.3889833986759186,0.42413094639778137
3,0.3890010118484497,0.34393832087516785
