corner,corner_x,corner_y
0,0.25640439987182617,0.7229198217391968
1,0.31030377745628357,0.7161003947257996
2,0.2619759142398834,0.7906355857849121
3,0.30920103192329407,0.795995831489563
