corner,corner_x,corner_y
0,0.7161327004432678,0.3249058127403259
1,0.7166357040405273,0.41059669852256775
2,0.6600788235664368,0.3230813145637512
3,0.6621397733688354,0.40456974506378174
