corner,corner_x,corner_y
0,0.6819319128990173,0.6288723349571228
1,0.6828253865242004,0.5385280251502991
2,0.7406257390975952,0.6229731440544128
3,0.7404888868331909,0.5399373173713684
