corner,corner_x,corner_y
0,0.43853792548179626,0.01942599005997181
1,0.43549856543540955,0.08574148267507553
2,0.3939008414745331,0.02232772670686245
3,0.39182376861572266,0.08968839049339294
