corner,corner_x,corner_y
0,0.1780758649110794,0.3059554100036621
1,0.17738620936870575,0.19737784564495087
2,0.2480958104133606,0.3125450611114502
3,0.24859051406383514,0.20881704986095428
