corner,corner_x,corner_y
0,0.6093990802764893,0.7658230066299438
1,0.6045371890068054,0.6368733048439026
2,0.6963499784469604,0.7709155082702637
3,0.6963499784469604,0.6289089918136597
