corner,corner_x,corner_y
0,0.10627792775630951,0.7956733703613281
1,0.11200582981109619,0.70980304479599
2,0.1724846363067627,0.8053367137908936
3,0.1715974360704422,0.7087079882621765
