corner,corner_x,corner_y
0,0.3269956111907959,0.8791183829307556
1,0.3283085823059082,0.7967705130577087
2,0.38233330845832825,0.8822022676467896
3,0.38200950622558594,0.8027898669242859
