corner,corner_x,corner_y
0,0.13457895815372467,0.4723120927810669
1,0.12983284890651703,0.4063604474067688
2,0.1828702986240387,0.4667016267776489
3,0.1826167106628418,0.39325371384620667
