corner,corner_x,corner_y
0,0.8848912119865417,0.3298410177230835
1,0.8827391862869263,0.253348171710968
2,0.9312353730201721,0.33086663484573364
3,0.9311382174491882,0.26120930910110474
