corner,corner_x,corner_y
0,0.8283147215843201,0.1703956127166748
1,0.753919243812561,0.16746889054775238
2,0.8265023231506348,0.05923393368721008
3,0.7576516270637512,0.05906522274017334
