corner,corner_x,corner_y
0,0.11136695742607117,0.7708304524421692
1,0.07742968946695328,0.8154916167259216
2,0.08356428146362305,0.7157391309738159
3,0.04910159483551979,0.7654366493225098
