corner,corner_x,corner_y
0,0.33134573698043823,0.20728641748428345
1,0.3298070728778839,0.29440838098526
2,0.2806926667690277,0.21100689470767975
3,0.27953797578811646,0.291445791721344
