corner,corner_x,corner_y
0,0.9694914817810059,0.4694036543369293
1,0.9673887491226196,0.5478795170783997
2,0.9114472270011902,0.4746336340904236
3,0.9119352698326111,0.5477298498153687
