corner,corner_x,corner_y
0,0.5918455123901367,0.4643353521823883
1,0.6350676417350769,0.4678186774253845
2,0.5920092463493347,0.5270370841026306
3,0.6350226998329163,0.5288888812065125
