corner,corner_x,corner_y
0,0.3866400718688965,0.7512536644935608
1,0.33524903655052185,0.7532299160957336
2,0.3867613971233368,0.6854346394538879
3,0.3414433002471924,0.6765342354774475
