corner,corner_x,corner_y
0,0.15819896757602692,0.4158312678337097
1,0.20563459396362305,0.4161905348300934
2,0.15434479713439941,0.4818666875362396
3,0.20534612238407135,0.4895196855068207
