corner,corner_x,corner_y
0,0.6952424645423889,0.15867698192596436
1,0.7375568747520447,0.1591668576002121
2,0.6962687373161316,0.21604691445827484
3,0.7350949048995972,0.21934370696544647
