corner,corner_x,corner_y
0,0.2886740565299988,0.4090191721916199
1,0.19564734399318695,0.4064042270183563
2,0.2886740565299988,0.2596737742424011
3,0.18912000954151154,0.26133596897125244
