corner,corner_x,corner_y
0,0.20749422907829285,0.655976414680481
1,0.25331369042396545,0.6575623154640198
2,0.21002888679504395,0.7241118550300598
3,0.2567450702190399,0.7254926562309265
