corner,corner_x,corner_y
0,0.4760182201862335,0.17506365478038788
1,0.4447084963321686,0.17907491326332092
2,0.47596871852874756,0.12405621260404587
3,0.443143367767334,0.1274300366640091
