corner,corner_x,corner_y
0,0.06623449176549911,0.7428186535835266
1,0.01841857098042965,0.7423766851425171
2,0.06672695279121399,0.6661370396614075
3,0.013308115303516388,0.6747533082962036
