corner,corner_x,corner_y
0,0.16176187992095947,0.19439157843589783
1,0.163264662027359,0.15260332822799683
2,0.1877393275499344,0.19661496579647064
3,0.18777789175510406,0.15858440101146698
