corner,corner_x,corner_y
0,0.4744409918785095,0.6607012748718262
1,0.41349801421165466,0.6631492376327515
2,0.4755040109157562,0.5628365278244019
3,0.4064825475215912,0.5615113973617554
