corner,corner_x,corner_y
0,0.7003779411315918,0.6176974177360535
1,0.7032845616340637,0.5483087301254272
2,0.7446503043174744,0.6149815917015076
3,0.7446503043174744,0.5473271608352661
