corner,corner_x,corner_y
0,0.6077651381492615,0.16595321893692017
1,0.5997858047485352,0.06461233645677567
2,0.678131103515625,0.16899444162845612
3,0.677462100982666,0.060748141258955
