corner,corner_x,corner_y
0,0.3891165554523468,0.6224075555801392
1,0.38770896196365356,0.5655305981636047
2,0.42744481563568115,0.6194274425506592
3,0.42739835381507874,0.5563061833381653
