corner,corner_x,corner_y
0,0.3822580873966217,0.1845235973596573
1,0.31982555985450745,0.1827063113451004
2,0.3822909891605377,0.08428023755550385
3,0.32031986117362976,0.0859438106417656
