corner,corner_x,corner_y
0,0.8849347829818726,0.09310325980186462
1,0.9159748554229736,0.09056072682142258
2,0.884981095790863,0.1411130279302597
3,0.9155409336090088,0.1370294988155365
