corner,corner_x,corner_y
0,0.65607088804245,0.5537684559822083
1,0.6526628136634827,0.4670164883136749
2,0.7151602506637573,0.5479853749275208
3,0.7150112390518188,0.4604027569293976
