corner,corner_x,corner_y
0,0.1387474685907364,0.8060850501060486
1,0.1388264000415802,0.9314719438552856
2,0.049189452081918716,0.799197793006897
3,0.05548502132296562,0.9326579570770264
