corner,corner_x,corner_y
0,0.3172902762889862,0.458027184009552
1,0.26874202489852905,0.5075157880783081
2,0.27913808822631836,0.3869387209415436
3,0.23161716759204865,0.4406130015850067
