corner,corner_x,corner_y
0,0.03184524551033974,0.44280868768692017
1,0.03226345404982567,0.3361783027648926
2,0.09621512144804001,0.43920567631721497
3,0.09606821835041046,0.3383142352104187
