corner,corner_x,corner_y
0,0.7547198534011841,0.6949132084846497
1,0.8224166035652161,0.6953685879707336
2,0.7553523778915405,0.7856130599975586
3,0.8223778009414673,0.7859628200531006
