corner,corner_x,corner_y
0,0.13138873875141144,0.6506455540657043
1,0.12897801399230957,0.5568186640739441
2,0.19336438179016113,0.6632999181747437
3,0.19336438179016113,0.5543862581253052
