corner,corner_x,corner_y
0,0.4406169354915619,0.8972575664520264
1,0.3721024692058563,0.8969182372093201
2,0.4408937990665436,0.7990483641624451
3,0.3703181743621826,0.7966821193695068
