corner,corner_x,corner_y
0,0.16835403442382812,0.34685268998146057
1,0.19443804025650024,0.34764304757118225
2,0.16567854583263397,0.3890848159790039
3,0.19723619520664215,0.39277714490890503
