corner,corner_x,corner_y
0,0.5521286725997925,0.8844406008720398
1,0.5385663509368896,0.9223677515983582
2,0.5262812376022339,0.8625413179397583
3,0.5142471194267273,0.9008772969245911
