corner,corner_x,corner_y
0,0.30961695313453674,0.16031137108802795
1,0.3423348367214203,0.16100923717021942
2,0.30692797899246216,0.21624921262264252
3,0.34167250990867615,0.21529793739318848
