corner,corner_x,corner_y
0,0.9900186061859131,0.6915456652641296
1,0.9403195381164551,0.7507221102714539
2,0.9489356279373169,0.6221708059310913
3,0.8965174555778503,0.6795440316200256
