corner,corner_x,corner_y
0,0.23420701920986176,0.9235925078392029
1,0.2334144413471222,0.831286609172821
2,0.29471656680107117,0.9226652979850769
3,0.29443594813346863,0.8274497389793396
