corner,corner_x,corner_y
0,0.530734658241272,0.47975099086761475
1,0.466999888420105,0.4849093556404114
2,0.5308458209037781,0.38411104679107666
3,0.4596092402935028,0.38339102268218994
