corner,corner_x,corner_y
0,0.6327136158943176,0.8011263608932495
1,0.6055462956428528,0.8777475357055664
2,0.5876865983009338,0.7625386118888855
3,0.557582676410675,0.837469756603241
