corner,corner_x,corner_y
0,0.9102689027786255,0.5611774921417236
1,0.9003181457519531,0.4831666648387909
2,0.9623401761054993,0.5610641837120056
3,0.9621644020080566,0.4724009335041046
