corner,corner_x,corner_y
0,0.34908604621887207,0.30403783917427063
1,0.3463718593120575,0.24645061790943146
2,0.38530784845352173,0.30083900690078735
3,0.3844335079193115,0.24346421658992767
