corner,corner_x,corner_y
0,0.5340593457221985,0.12129294872283936
1,0.6034092903137207,0.12395105510950089
2,0.5346951484680176,0.22955375909805298
3,0.6028492450714111,0.22867029905319214
