corner,corner_x,corner_y
0,0.7760694622993469,0.9284034967422485
1,0.7780329585075378,0.9966102838516235
2,0.7359062433242798,0.9311935305595398
3,0.7342710494995117,0.9934386610984802
