corner,corner_x,corner_y
0,0.8966076374053955,0.5435245037078857
1,0.8400903344154358,0.5508063435554504
2,0.896804690361023,0.4658181965351105
3,0.8378506898880005,0.4687793254852295
