corner,corner_x,corner_y
0,0.35797709226608276,0.1210615411400795
1,0.31865811347961426,0.12271706014871597
2,0.358005553483963,0.06622125953435898
3,0.31719592213630676,0.06749183684587479
