corner,corner_x,corner_y
0,0.6382418274879456,0.7821229100227356
1,0.6015744805335999,0.7771895527839661
2,0.6383629441261292,0.7310866117477417
3,0.6056933403015137,0.7294565439224243
