corner,corner_x,corner_y
0,0.33248111605644226,0.7116202712059021
1,0.3472800552845001,0.7465608716011047
2,0.3114035129547119,0.7370457649230957
3,0.3264194130897522,0.7656881213188171
