corner,corner_x,corner_y
0,0.4891560971736908,0.31760576367378235
1,0.48164844512939453,0.2164732813835144
2,0.5575541853904724,0.31698381900787354
3,0.5573664307594299,0.21360261738300323
