corner,corner_x,corner_y
0,0.6422980427742004,0.9422257542610168
1,0.602730393409729,0.9403153657913208
2,0.6424511075019836,0.8818199038505554
3,0.6013575792312622,0.8842132091522217
