corner,corner_x,corner_y
0,0.5084386467933655,0.6576482653617859
1,0.48055532574653625,0.6546838283538818
2,0.5084386467933655,0.6137104034423828
3,0.48165422677993774,0.6129870414733887
