corner,corner_x,corner_y
0,0.28818953037261963,0.5205821394920349
1,0.26438289880752563,0.5197843313217163
2,0.28847116231918335,0.4813031554222107
3,0.26339149475097656,0.4843806028366089
