corner,corner_x,corner_y
0,0.25629228353500366,0.5499938726425171
1,0.2587442696094513,0.6537377238273621
2,0.19183263182640076,0.5585691332817078
3,0.1912802904844284,0.6505622267723083
