corner,corner_x,corner_y
0,0.3535611033439636,0.5179463028907776
1,0.36102256178855896,0.4486510157585144
2,0.4014592468738556,0.5161921381950378
3,0.40143874287605286,0.45326417684555054
