corner,corner_x,corner_y
0,0.33263131976127625,0.20253156125545502
1,0.2945898175239563,0.1998475342988968
2,0.33273789286613464,0.14124934375286102
3,0.29196953773498535,0.1444195657968521
