corner,corner_x,corner_y
0,0.6813147664070129,0.6304270625114441
1,0.6430818438529968,0.6309773325920105
2,0.6816222071647644,0.5750165581703186
3,0.6438725590705872,0.5703004002571106
